plot,treatment,colour,year,grain
10,N4,#8FBC8F,1968,2.03
11,N4 PMg,#7FFFD4,1968,1.87
12,N1+N3+N1 PKMg,#228B22,1968,1.63
13,N4 PK,#6B8E23,1968,3.48
14,N4 PKMg*,#008080,1968,3.78
15,N5 PKMg,#00008B,1968,4.05
16,N6 PKMg,#7B68EE,1968,3.82
17,N1+N4+N1 PKMg,#32CD32,1968,4.1
18,N1+N2+N1 PKMg,#FFD700,1968,4.07
19,N1+N1+N1 KMg,#FF8C00,1968,2
21,FYM N2,#8B0000,1968,4.57
22,FYM,#FF0000,1968,4.38
3,Nil,#00BFFF,1968,1.46
5,PKMg,#FF00FF,1968,1.74
6,N1 PKMg,#FF4500,1968,3.12
7,N2 PKMg,#9ACD32,1968,3.9
8,N3 PKMg,#00FA9A,1968,3.98
9,N4 PKMg,#00FFFF,1968,3.84
10,N4,#8FBC8F,1969,3.31
11,N4 PMg,#7FFFD4,1969,3.41
12,N1+N3+N1 PKMg,#228B22,1969,4
13,N4 PK,#6B8E23,1969,5.81
14,N4 PKMg*,#008080,1969,5.79
15,N5 PKMg,#00008B,1969,5.72
16,N6 PKMg,#7B68EE,1969,5.26
17,N1+N4+N1 PKMg,#32CD32,1969,5.32
18,N1+N2+N1 PKMg,#FFD700,1969,5.46
19,N1+N1+N1 KMg,#FF8C00,1969,3.25
21,FYM N2,#8B0000,1969,6.04
22,FYM,#FF0000,1969,5.65
3,Nil,#00BFFF,1969,1.76
5,PKMg,#FF00FF,1969,2.25
6,N1 PKMg,#FF4500,1969,4.23
7,N2 PKMg,#9ACD32,1969,5.42
8,N3 PKMg,#00FA9A,1969,6.2
9,N4 PKMg,#00FFFF,1969,6.01
10,N4,#8FBC8F,1970,1.79
11,N4 PMg,#7FFFD4,1970,2.51
12,N1+N3+N1 PKMg,#228B22,1970,4.09
13,N4 PK,#6B8E23,1970,4.55
14,N4 PKMg*,#008080,1970,4.06
15,N5 PKMg,#00008B,1970,4.34
16,N6 PKMg,#7B68EE,1970,3.94
17,N1+N4+N1 PKMg,#32CD32,1970,3.92
18,N1+N2+N1 PKMg,#FFD700,1970,4.22
19,N1+N1+N1 KMg,#FF8C00,1970,2.85
21,FYM N2,#8B0000,1970,5.17
22,FYM,#FF0000,1970,5.17
3,Nil,#00BFFF,1970,1.57
5,PKMg,#FF00FF,1970,2.08
6,N1 PKMg,#FF4500,1970,3.59
7,N2 PKMg,#9ACD32,1970,5
8,N3 PKMg,#00FA9A,1970,5.58
9,N4 PKMg,#00FFFF,1970,5.89
10,N4,#8FBC8F,1971,4.06
11,N4 PMg,#7FFFD4,1971,3.46
12,N1+N3+N1 PKMg,#228B22,1971,5.79
13,N4 PK,#6B8E23,1971,6.29
14,N4 PKMg*,#008080,1971,6.09
15,N5 PKMg,#00008B,1971,6.99
16,N6 PKMg,#7B68EE,1971,5.49
17,N1+N4+N1 PKMg,#32CD32,1971,5.85
18,N1+N2+N1 PKMg,#FFD700,1971,6.23
19,N1+N1+N1 KMg,#FF8C00,1971,4.9
21,FYM N2,#8B0000,1971,5.54
22,FYM,#FF0000,1971,6.62
3,Nil,#00BFFF,1971,2.05
5,PKMg,#FF00FF,1971,2.2
6,N1 PKMg,#FF4500,1971,4.09
7,N2 PKMg,#9ACD32,1971,5.94
8,N3 PKMg,#00FA9A,1971,6.23
9,N4 PKMg,#00FFFF,1971,5.91
10,N4,#8FBC8F,1972,3.34
11,N4 PMg,#7FFFD4,1972,3.65
12,N1+N3+N1 PKMg,#228B22,1972,4.99
13,N4 PK,#6B8E23,1972,5.12
14,N4 PKMg*,#008080,1972,5.69
15,N5 PKMg,#00008B,1972,5.65
16,N6 PKMg,#7B68EE,1972,5.13
17,N1+N4+N1 PKMg,#32CD32,1972,4.93
18,N1+N2+N1 PKMg,#FFD700,1972,5.41
19,N1+N1+N1 KMg,#FF8C00,1972,4.22
21,FYM N2,#8B0000,1972,6.75
22,FYM,#FF0000,1972,6.73
3,Nil,#00BFFF,1972,1.48
5,PKMg,#FF00FF,1972,1.85
6,N1 PKMg,#FF4500,1972,4.24
7,N2 PKMg,#9ACD32,1972,5.22
8,N3 PKMg,#00FA9A,1972,6.44
9,N4 PKMg,#00FFFF,1972,6.18
10,N4,#8FBC8F,1973,2.6
11,N4 PMg,#7FFFD4,1973,2.74
12,N1+N3+N1 PKMg,#228B22,1973,4.41
13,N4 PK,#6B8E23,1973,5.92
14,N4 PKMg*,#008080,1973,6.05
15,N5 PKMg,#00008B,1973,6.23
16,N6 PKMg,#7B68EE,1973,5.28
17,N1+N4+N1 PKMg,#32CD32,1973,5.24
18,N1+N2+N1 PKMg,#FFD700,1973,5.57
19,N1+N1+N1 KMg,#FF8C00,1973,4.67
21,FYM N2,#8B0000,1973,4.48
22,FYM,#FF0000,1973,6.45
3,Nil,#00BFFF,1973,1.43
5,PKMg,#FF00FF,1973,2.04
6,N1 PKMg,#FF4500,1973,4.26
7,N2 PKMg,#9ACD32,1973,5.75
8,N3 PKMg,#00FA9A,1973,5.74
9,N4 PKMg,#00FFFF,1973,5.38
10,N4,#8FBC8F,1974,2.96
11,N4 PMg,#7FFFD4,1974,3.11
12,N1+N3+N1 PKMg,#228B22,1974,4.91
13,N4 PK,#6B8E23,1974,5.89
14,N4 PKMg*,#008080,1974,6.01
15,N5 PKMg,#00008B,1974,6.28
16,N6 PKMg,#7B68EE,1974,5.69
17,N1+N4+N1 PKMg,#32CD32,1974,5.41
18,N1+N2+N1 PKMg,#FFD700,1974,5.83
19,N1+N1+N1 KMg,#FF8C00,1974,3.86
21,FYM N2,#8B0000,1974,7.02
22,FYM,#FF0000,1974,6.86
3,Nil,#00BFFF,1974,1.91
5,PKMg,#FF00FF,1974,2.16
6,N1 PKMg,#FF4500,1974,4.06
7,N2 PKMg,#9ACD32,1974,5.7
8,N3 PKMg,#00FA9A,1974,6.27
9,N4 PKMg,#00FFFF,1974,6.48
10,N4,#8FBC8F,1975,1.98
11,N4 PMg,#7FFFD4,1975,1.73
12,N1+N3+N1 PKMg,#228B22,1975,1.81
13,N4 PK,#6B8E23,1975,1.68
14,N4 PKMg*,#008080,1975,3.18
15,N5 PKMg,#00008B,1975,4.34
16,N6 PKMg,#7B68EE,1975,3.73
17,N1+N4+N1 PKMg,#32CD32,1975,3.33
18,N1+N2+N1 PKMg,#FFD700,1975,3.75
19,N1+N1+N1 KMg,#FF8C00,1975,2.09
21,FYM N2,#8B0000,1975,5.08
22,FYM,#FF0000,1975,3.94
3,Nil,#00BFFF,1975,1.1
5,PKMg,#FF00FF,1975,1.24
6,N1 PKMg,#FF4500,1975,2.61
7,N2 PKMg,#9ACD32,1975,3.41
8,N3 PKMg,#00FA9A,1975,4.51
9,N4 PKMg,#00FFFF,1975,5.23
10,N4,#8FBC8F,1976,0.65
11,N4 PMg,#7FFFD4,1976,2.05
12,N1+N3+N1 PKMg,#228B22,1976,2.64
13,N4 PK,#6B8E23,1976,3.5
14,N4 PKMg*,#008080,1976,3.48
15,N5 PKMg,#00008B,1976,3.25
16,N6 PKMg,#7B68EE,1976,3.61
17,N1+N4+N1 PKMg,#32CD32,1976,3.46
18,N1+N2+N1 PKMg,#FFD700,1976,3.46
19,N1+N1+N1 KMg,#FF8C00,1976,3.42
21,FYM N2,#8B0000,1976,3.43
22,FYM,#FF0000,1976,4.09
3,Nil,#00BFFF,1976,1.12
5,PKMg,#FF00FF,1976,1.77
6,N1 PKMg,#FF4500,1976,2.68
7,N2 PKMg,#9ACD32,1976,3.21
8,N3 PKMg,#00FA9A,1976,3.39
9,N4 PKMg,#00FFFF,1976,4.01
10,N4,#8FBC8F,1977,3.07
11,N4 PMg,#7FFFD4,1977,1.14
12,N1+N3+N1 PKMg,#228B22,1977,1.88
13,N4 PK,#6B8E23,1977,2.84
14,N4 PKMg*,#008080,1977,3.11
15,N5 PKMg,#00008B,1977,4.16
16,N6 PKMg,#7B68EE,1977,3.7
17,N1+N4+N1 PKMg,#32CD32,1977,2.73
18,N1+N2+N1 PKMg,#FFD700,1977,3.89
19,N1+N1+N1 KMg,#FF8C00,1977,2.72
21,FYM N2,#8B0000,1977,4.62
22,FYM,#FF0000,1977,5.88
3,Nil,#00BFFF,1977,1.94
5,PKMg,#FF00FF,1977,1.38
6,N1 PKMg,#FF4500,1977,2.53
7,N2 PKMg,#9ACD32,1977,3.94
8,N3 PKMg,#00FA9A,1977,5.42
9,N4 PKMg,#00FFFF,1977,4.01
10,N4,#8FBC8F,1978,3.09
11,N4 PMg,#7FFFD4,1978,3.62
12,N1+N3+N1 PKMg,#228B22,1978,3.9
13,N4 PK,#6B8E23,1978,6.07
14,N4 PKMg*,#008080,1978,5.81
15,N5 PKMg,#00008B,1978,5.95
16,N6 PKMg,#7B68EE,1978,5.84
17,N1+N4+N1 PKMg,#32CD32,1978,5.84
18,N1+N2+N1 PKMg,#FFD700,1978,5.84
19,N1+N1+N1 KMg,#FF8C00,1978,3.92
21,FYM N2,#8B0000,1978,5.97
22,FYM,#FF0000,1978,6.62
3,Nil,#00BFFF,1978,1.65
5,PKMg,#FF00FF,1978,2.23
6,N1 PKMg,#FF4500,1978,3.94
7,N2 PKMg,#9ACD32,1978,5.62
8,N3 PKMg,#00FA9A,1978,6.05
9,N4 PKMg,#00FFFF,1978,6.3
10,N4,#8FBC8F,1979,2.04
11,N4 PMg,#7FFFD4,1979,2.98
12,N1+N3+N1 PKMg,#228B22,1979,4.61
13,N4 PK,#6B8E23,1979,6.04
14,N4 PKMg*,#008080,1979,6.27
15,N5 PKMg,#00008B,1979,6.69
16,N6 PKMg,#7B68EE,1979,6.34
17,N1+N4+N1 PKMg,#32CD32,1979,6.37
18,N1+N2+N1 PKMg,#FFD700,1979,6.54
19,N1+N1+N1 KMg,#FF8C00,1979,3.25
21,FYM N2,#8B0000,1979,7.92
22,FYM,#FF0000,1979,5.72
3,Nil,#00BFFF,1979,1.04
5,PKMg,#FF00FF,1979,1.35
6,N1 PKMg,#FF4500,1979,3.96
7,N2 PKMg,#9ACD32,1979,6.04
8,N3 PKMg,#00FA9A,1979,6.6
9,N4 PKMg,#00FFFF,1979,7.31
10,N4,#8FBC8F,1980,2.75
11,N4 PMg,#7FFFD4,1980,4.25
12,N1+N3+N1 PKMg,#228B22,1980,4.95
13,N4 PK,#6B8E23,1980,6.32
14,N4 PKMg*,#008080,1980,3.77
15,N5 PKMg,#00008B,1980,6.83
16,N6 PKMg,#7B68EE,1980,5.91
17,N1+N4+N1 PKMg,#32CD32,1980,6.89
18,N1+N2+N1 PKMg,#FFD700,1980,6.67
19,N1+N1+N1 KMg,#FF8C00,1980,4.08
21,FYM N2,#8B0000,1980,8.16
22,FYM,#FF0000,1980,6.47
3,Nil,#00BFFF,1980,1.76
5,PKMg,#FF00FF,1980,1.91
6,N1 PKMg,#FF4500,1980,4.36
7,N2 PKMg,#9ACD32,1980,6.24
8,N3 PKMg,#00FA9A,1980,7.2
9,N4 PKMg,#00FFFF,1980,7.62
10,N4,#8FBC8F,1981,2.79
11,N4 PMg,#7FFFD4,1981,3.14
12,N1+N3+N1 PKMg,#228B22,1981,3.98
13,N4 PK,#6B8E23,1981,6.88
14,N4 PKMg*,#008080,1981,6.08
15,N5 PKMg,#00008B,1981,6.71
16,N6 PKMg,#7B68EE,1981,6.25
17,N1+N4+N1 PKMg,#32CD32,1981,6.71
18,N1+N2+N1 PKMg,#FFD700,1981,6.74
19,N1+N1+N1 KMg,#FF8C00,1981,4.84
21,FYM N2,#8B0000,1981,8.94
22,FYM,#FF0000,1981,7.99
3,Nil,#00BFFF,1981,1.49
5,PKMg,#FF00FF,1981,1.74
6,N1 PKMg,#FF4500,1981,4.69
7,N2 PKMg,#9ACD32,1981,6.45
8,N3 PKMg,#00FA9A,1981,6.77
9,N4 PKMg,#00FFFF,1981,7.29
10,N4,#8FBC8F,1982,2.52
11,N4 PMg,#7FFFD4,1982,1.96
12,N1+N3+N1 PKMg,#228B22,1982,3.46
13,N4 PK,#6B8E23,1982,5.17
14,N4 PKMg*,#008080,1982,5.81
15,N5 PKMg,#00008B,1982,6.61
16,N6 PKMg,#7B68EE,1982,5.48
17,N1+N4+N1 PKMg,#32CD32,1982,6.02
18,N1+N2+N1 PKMg,#FFD700,1982,6.26
19,N1+N1+N1 KMg,#FF8C00,1982,3.14
21,FYM N2,#8B0000,1982,8.2
22,FYM,#FF0000,1982,6.37
3,Nil,#00BFFF,1982,1.28
5,PKMg,#FF00FF,1982,1.4
6,N1 PKMg,#FF4500,1982,3.83
7,N2 PKMg,#9ACD32,1982,5.84
8,N3 PKMg,#00FA9A,1982,6.38
9,N4 PKMg,#00FFFF,1982,6.73
10,N4,#8FBC8F,1983,3.32
11,N4 PMg,#7FFFD4,1983,3.39
12,N1+N3+N1 PKMg,#228B22,1983,4.29
13,N4 PK,#6B8E23,1983,5.15
14,N4 PKMg*,#008080,1983,5.83
15,N5 PKMg,#00008B,1983,6.18
16,N6 PKMg,#7B68EE,1983,5.7
17,N1+N4+N1 PKMg,#32CD32,1983,6.08
18,N1+N2+N1 PKMg,#FFD700,1983,6.12
19,N1+N1+N1 KMg,#FF8C00,1983,3.25
21,FYM N2,#8B0000,1983,7.57
22,FYM,#FF0000,1983,5.28
3,Nil,#00BFFF,1983,1.82
5,PKMg,#FF00FF,1983,1.58
6,N1 PKMg,#FF4500,1983,4.01
7,N2 PKMg,#9ACD32,1983,5.3
8,N3 PKMg,#00FA9A,1983,6.09
9,N4 PKMg,#00FFFF,1983,6.26
10,N4,#8FBC8F,1984,2.95
11,N4 PMg,#7FFFD4,1984,2.02
12,N1+N3+N1 PKMg,#228B22,1984,3.97
13,N4 PK,#6B8E23,1984,5.91
14,N4 PKMg*,#008080,1984,5.5
15,N5 PKMg,#00008B,1984,6.1
16,N6 PKMg,#7B68EE,1984,5.58
17,N1+N4+N1 PKMg,#32CD32,1984,6.31
18,N1+N2+N1 PKMg,#FFD700,1984,5.87
19,N1+N1+N1 KMg,#FF8C00,1984,4.15
21,FYM N2,#8B0000,1984,8.42
22,FYM,#FF0000,1984,7.34
3,Nil,#00BFFF,1984,1.95
5,PKMg,#FF00FF,1984,1.79
6,N1 PKMg,#FF4500,1984,4.14
7,N2 PKMg,#9ACD32,1984,5.62
8,N3 PKMg,#00FA9A,1984,6.58
9,N4 PKMg,#00FFFF,1984,6.82
10,N4,#8FBC8F,1985,3.58
11,N4 PMg,#7FFFD4,1985,3.55
12,N1+N3+N1 PKMg,#228B22,1985,3.75
13,N4 PK,#6B8E23,1985,6.79
14,N4 PKMg*,#008080,1985,6.9
15,N5 PKMg,#00008B,1985,7.42
16,N6 PKMg,#7B68EE,1985,7.45
17,N1+N4+N1 PKMg,#32CD32,1985,7.4
18,N1+N2+N1 PKMg,#FFD700,1985,7.21
19,N1+N1+N1 KMg,#FF8C00,1985,3.93
21,FYM N2,#8B0000,1985,9.37
22,FYM,#FF0000,1985,7.98
3,Nil,#00BFFF,1985,1.78
5,PKMg,#FF00FF,1985,1.67
6,N1 PKMg,#FF4500,1985,4.97
7,N2 PKMg,#9ACD32,1985,6.92
8,N3 PKMg,#00FA9A,1985,8.19
9,N4 PKMg,#00FFFF,1985,7.89
10,N4,#8FBC8F,1986,0.73
11,N4 PMg,#7FFFD4,1986,3.71
12,N1+N3+N1 PKMg,#228B22,1986,4.43
13,N4 PK,#6B8E23,1986,4.83
14,N4 PKMg*,#008080,1986,5.19
15,N5 PKMg,#00008B,1986,5.28
16,N6 PKMg,#7B68EE,1986,5.89
17,N1+N4+N1 PKMg,#32CD32,1986,5.91
18,N1+N2+N1 PKMg,#FFD700,1986,6.05
19,N1+N1+N1 KMg,#FF8C00,1986,2.95
21,FYM N2,#8B0000,1986,7.39
22,FYM,#FF0000,1986,5.55
3,Nil,#00BFFF,1986,1.5
5,PKMg,#FF00FF,1986,1.89
6,N1 PKMg,#FF4500,1986,3.69
7,N2 PKMg,#9ACD32,1986,5.05
8,N3 PKMg,#00FA9A,1986,5.74
9,N4 PKMg,#00FFFF,1986,5.78
10,N4,#8FBC8F,1987,2.9
11,N4 PMg,#7FFFD4,1987,3.89
12,N1+N3+N1 PKMg,#228B22,1987,4.88
13,N4 PK,#6B8E23,1987,5.54
14,N4 PKMg*,#008080,1987,5.4
15,N5 PKMg,#00008B,1987,6.81
16,N6 PKMg,#7B68EE,1987,6.96
17,N1+N4+N1 PKMg,#32CD32,1987,6.39
18,N1+N2+N1 PKMg,#FFD700,1987,6.37
19,N1+N1+N1 KMg,#FF8C00,1987,2.49
21,FYM N2,#8B0000,1987,8.97
22,FYM,#FF0000,1987,7.7
3,Nil,#00BFFF,1987,1.24
5,PKMg,#FF00FF,1987,1.31
6,N1 PKMg,#FF4500,1987,3.55
7,N2 PKMg,#9ACD32,1987,4.89
8,N3 PKMg,#00FA9A,1987,6.47
9,N4 PKMg,#00FFFF,1987,6.71
10,N4,#8FBC8F,1988,1.63
11,N4 PMg,#7FFFD4,1988,1.29
12,N1+N3+N1 PKMg,#228B22,1988,1.36
13,N4 PK,#6B8E23,1988,4.76
14,N4 PKMg*,#008080,1988,3.85
15,N5 PKMg,#00008B,1988,5.58
16,N6 PKMg,#7B68EE,1988,6.9
17,N1+N4+N1 PKMg,#32CD32,1988,6.66
18,N1+N2+N1 PKMg,#FFD700,1988,6.08
19,N1+N1+N1 KMg,#FF8C00,1988,0.55
21,FYM N2,#8B0000,1988,7.51
22,FYM,#FF0000,1988,5.19
3,Nil,#00BFFF,1988,0.35
5,PKMg,#FF00FF,1988,0.28
6,N1 PKMg,#FF4500,1988,3.35
7,N2 PKMg,#9ACD32,1988,4.26
8,N3 PKMg,#00FA9A,1988,5.92
9,N4 PKMg,#00FFFF,1988,5.3
10,N4,#8FBC8F,1989,2.16
11,N4 PMg,#7FFFD4,1989,1.98
12,N1+N3+N1 PKMg,#228B22,1989,3.68
13,N4 PK,#6B8E23,1989,5.06
14,N4 PKMg*,#008080,1989,4.82
15,N5 PKMg,#00008B,1989,5.53
16,N6 PKMg,#7B68EE,1989,5.82
17,N1+N4+N1 PKMg,#32CD32,1989,5.45
18,N1+N2+N1 PKMg,#FFD700,1989,5.24
19,N1+N1+N1 KMg,#FF8C00,1989,1.33
21,FYM N2,#8B0000,1989,7.56
22,FYM,#FF0000,1989,6.62
3,Nil,#00BFFF,1989,0.74
5,PKMg,#FF00FF,1989,1.62
6,N1 PKMg,#FF4500,1989,3.48
7,N2 PKMg,#9ACD32,1989,4.31
8,N3 PKMg,#00FA9A,1989,5.07
9,N4 PKMg,#00FFFF,1989,4.7
10,N4,#8FBC8F,1990,4.7
11,N4 PMg,#7FFFD4,1990,5.37
12,N1+N3+N1 PKMg,#228B22,1990,6.26
13,N4 PK,#6B8E23,1990,6.46
14,N4 PKMg*,#008080,1990,6.6
15,N5 PKMg,#00008B,1990,7.16
16,N6 PKMg,#7B68EE,1990,8.27
17,N1+N4+N1 PKMg,#32CD32,1990,7.82
18,N1+N2+N1 PKMg,#FFD700,1990,7.41
19,N1+N1+N1 KMg,#FF8C00,1990,1.84
21,FYM N2,#8B0000,1990,8.21
22,FYM,#FF0000,1990,6.44
3,Nil,#00BFFF,1990,1.06
5,PKMg,#FF00FF,1990,1.72
6,N1 PKMg,#FF4500,1990,4.72
7,N2 PKMg,#9ACD32,1990,6.36
8,N3 PKMg,#00FA9A,1990,7.84
9,N4 PKMg,#00FFFF,1990,6.96
10,N4,#8FBC8F,1991,4
11,N4 PMg,#7FFFD4,1991,1.85
12,N1+N3+N1 PKMg,#228B22,1991,2.22
13,N4 PK,#6B8E23,1991,6.09
14,N4 PKMg*,#008080,1991,6.2
15,N5 PKMg,#00008B,1991,8.84
16,N6 PKMg,#7B68EE,1991,8.22
17,N1+N4+N1 PKMg,#32CD32,1991,7.3
18,N1+N2+N1 PKMg,#FFD700,1991,7.38
19,N1+N1+N1 KMg,#FF8C00,1991,1.76
21,FYM N2,#8B0000,1991,9.1
22,FYM,#FF0000,1991,6.87
3,Nil,#00BFFF,1991,0.96
5,PKMg,#FF00FF,1991,1.09
6,N1 PKMg,#FF4500,1991,3.78
7,N2 PKMg,#9ACD32,1991,6.19
8,N3 PKMg,#00FA9A,1991,7.76
9,N4 PKMg,#00FFFF,1991,8.21
10,N4,#8FBC8F,1992,2.9
11,N4 PMg,#7FFFD4,1992,2.39
12,N1+N3+N1 PKMg,#228B22,1992,3.37
13,N4 PK,#6B8E23,1992,6.55
14,N4 PKMg*,#008080,1992,6.59
15,N5 PKMg,#00008B,1992,8.32
16,N6 PKMg,#7B68EE,1992,8
17,N1+N4+N1 PKMg,#32CD32,1992,8.21
18,N1+N2+N1 PKMg,#FFD700,1992,8.03
19,N1+N1+N1 KMg,#FF8C00,1992,2.64
21,FYM N2,#8B0000,1992,8.03
22,FYM,#FF0000,1992,8.18
3,Nil,#00BFFF,1992,0.72
5,PKMg,#FF00FF,1992,1.59
6,N1 PKMg,#FF4500,1992,4.26
7,N2 PKMg,#9ACD32,1992,6.07
8,N3 PKMg,#00FA9A,1992,7.83
9,N4 PKMg,#00FFFF,1992,8.07
10,N4,#8FBC8F,1993,2.11
11,N4 PMg,#7FFFD4,1993,2.08
12,N1+N3+N1 PKMg,#228B22,1993,2.22
13,N4 PK,#6B8E23,1993,3.53
14,N4 PKMg*,#008080,1993,3.9
15,N5 PKMg,#00008B,1993,6.94
16,N6 PKMg,#7B68EE,1993,8.21
17,N1+N4+N1 PKMg,#32CD32,1993,6.51
18,N1+N2+N1 PKMg,#FFD700,1993,6.73
19,N1+N1+N1 KMg,#FF8C00,1993,1.29
21,FYM N2,#8B0000,1993,9.33
22,FYM,#FF0000,1993,6.44
3,Nil,#00BFFF,1993,0.6
5,PKMg,#FF00FF,1993,0.85
6,N1 PKMg,#FF4500,1993,3.46
7,N2 PKMg,#9ACD32,1993,4.53
8,N3 PKMg,#00FA9A,1993,5.14
9,N4 PKMg,#00FFFF,1993,6.97
10,N4,#8FBC8F,1994,1.95
11,N4 PMg,#7FFFD4,1994,2.79
12,N1+N3+N1 PKMg,#228B22,1994,4.19
13,N4 PK,#6B8E23,1994,5.28
14,N4 PKMg*,#008080,1994,5.45
15,N5 PKMg,#00008B,1994,7.36
16,N6 PKMg,#7B68EE,1994,7.62
17,N1+N4+N1 PKMg,#32CD32,1994,6.11
18,N1+N2+N1 PKMg,#FFD700,1994,6.62
19,N1+N1+N1 KMg,#FF8C00,1994,1.45
21,FYM N2,#8B0000,1994,7.07
22,FYM,#FF0000,1994,4.22
3,Nil,#00BFFF,1994,0.27
5,PKMg,#FF00FF,1994,0.53
6,N1 PKMg,#FF4500,1994,3.05
7,N2 PKMg,#9ACD32,1994,4.39
8,N3 PKMg,#00FA9A,1994,5.62
9,N4 PKMg,#00FFFF,1994,5.79
10,N4,#8FBC8F,1995,0
11,N4 PMg,#7FFFD4,1995,2.74
12,N1+N3+N1 PKMg,#228B22,1995,3.04
13,N4 PK,#6B8E23,1995,4.86
14,N4 PKMg*,#008080,1995,4.58
15,N5 PKMg,#00008B,1995,6.48
16,N6 PKMg,#7B68EE,1995,7.58
17,N1+N4+N1 PKMg,#32CD32,1995,6.22
18,N1+N2+N1 PKMg,#FFD700,1995,6.84
19,N1+N1+N1 KMg,#FF8C00,1995,1.49
21,FYM N2,#8B0000,1995,7.38
22,FYM,#FF0000,1995,5.27
3,Nil,#00BFFF,1995,1.1
5,PKMg,#FF00FF,1995,0.86
6,N1 PKMg,#FF4500,1995,4.33
7,N2 PKMg,#9ACD32,1995,5.32
8,N3 PKMg,#00FA9A,1995,5.56
9,N4 PKMg,#00FFFF,1995,6.67
10,N4,#8FBC8F,1996,3.58
11,N4 PMg,#7FFFD4,1996,3.64
12,N1+N3+N1 PKMg,#228B22,1996,4.21
13,N4 PK,#6B8E23,1996,5.78
14,N4 PKMg*,#008080,1996,5.61
15,N5 PKMg,#00008B,1996,7.89
16,N6 PKMg,#7B68EE,1996,8.5
17,N1+N4+N1 PKMg,#32CD32,1996,8.2
18,N1+N2+N1 PKMg,#FFD700,1996,7.36
19,N1+N1+N1 KMg,#FF8C00,1996,2.23
21,FYM N2,#8B0000,1996,7.81
22,FYM,#FF0000,1996,5.42
3,Nil,#00BFFF,1996,0.95
5,PKMg,#FF00FF,1996,1.63
6,N1 PKMg,#FF4500,1996,3.95
7,N2 PKMg,#9ACD32,1996,5.84
8,N3 PKMg,#00FA9A,1996,7.11
9,N4 PKMg,#00FFFF,1996,8.03
10,N4,#8FBC8F,1997,2.54
11,N4 PMg,#7FFFD4,1997,2.66
12,N1+N3+N1 PKMg,#228B22,1997,3.61
13,N4 PK,#6B8E23,1997,5.62
14,N4 PKMg*,#008080,1997,5.81
15,N5 PKMg,#00008B,1997,7.83
16,N6 PKMg,#7B68EE,1997,8.83
17,N1+N4+N1 PKMg,#32CD32,1997,7.31
18,N1+N2+N1 PKMg,#FFD700,1997,7.33
19,N1+N1+N1 KMg,#FF8C00,1997,1.29
21,FYM N2,#8B0000,1997,7.82
22,FYM,#FF0000,1997,4.47
3,Nil,#00BFFF,1997,0.77
5,PKMg,#FF00FF,1997,0.92
6,N1 PKMg,#FF4500,1997,3.11
7,N2 PKMg,#9ACD32,1997,5.17
8,N3 PKMg,#00FA9A,1997,6.59
9,N4 PKMg,#00FFFF,1997,7.37
10,N4,#8FBC8F,1998,2.81
11,N4 PMg,#7FFFD4,1998,3.36
12,N1+N3+N1 PKMg,#228B22,1998,3.31
13,N4 PK,#6B8E23,1998,4.46
14,N4 PKMg*,#008080,1998,4.61
15,N5 PKMg,#00008B,1998,8.02
16,N6 PKMg,#7B68EE,1998,8.39
17,N1+N4+N1 PKMg,#32CD32,1998,7.32
18,N1+N2+N1 PKMg,#FFD700,1998,6.94
19,N1+N1+N1 KMg,#FF8C00,1998,2.45
21,FYM N2,#8B0000,1998,8.31
22,FYM,#FF0000,1998,4.65
3,Nil,#00BFFF,1998,1.28
5,PKMg,#FF00FF,1998,1.19
6,N1 PKMg,#FF4500,1998,2.34
7,N2 PKMg,#9ACD32,1998,3.77
8,N3 PKMg,#00FA9A,1998,4.96
9,N4 PKMg,#00FFFF,1998,7.19
10,N4,#8FBC8F,1999,1.23
11,N4 PMg,#7FFFD4,1999,2.54
12,N1+N3+N1 PKMg,#228B22,1999,3.41
13,N4 PK,#6B8E23,1999,5.62
14,N4 PKMg*,#008080,1999,5.42
15,N5 PKMg,#00008B,1999,8.28
16,N6 PKMg,#7B68EE,1999,7.61
17,N1+N4+N1 PKMg,#32CD32,1999,6.91
18,N1+N2+N1 PKMg,#FFD700,1999,6.56
19,N1+N1+N1 KMg,#FF8C00,1999,1.11
21,FYM N2,#8B0000,1999,7.82
22,FYM,#FF0000,1999,4.57
3,Nil,#00BFFF,1999,0.93
5,PKMg,#FF00FF,1999,1.19
6,N1 PKMg,#FF4500,1999,3.14
7,N2 PKMg,#9ACD32,1999,5.19
8,N3 PKMg,#00FA9A,1999,6.42
9,N4 PKMg,#00FFFF,1999,6.92
10,N4,#8FBC8F,2000,2.13
11,N4 PMg,#7FFFD4,2000,2.26
12,N1+N3+N1 PKMg,#228B22,2000,3.61
13,N4 PK,#6B8E23,2000,5.52
14,N4 PKMg*,#008080,2000,4.92
15,N5 PKMg,#00008B,2000,7.29
16,N6 PKMg,#7B68EE,2000,7.79
17,N1+N4+N1 PKMg,#32CD32,2000,7.33
18,N1+N2+N1 PKMg,#FFD700,2000,7.14
19,N1+N1+N1 KMg,#FF8C00,2000,2.12
21,FYM N2,#8B0000,2000,7.35
22,FYM,#FF0000,2000,5.54
3,Nil,#00BFFF,2000,0.73
5,PKMg,#FF00FF,2000,0.92
6,N1 PKMg,#FF4500,2000,2.82
7,N2 PKMg,#9ACD32,2000,4.66
8,N3 PKMg,#00FA9A,2000,4.96
9,N4 PKMg,#00FFFF,2000,6.51
10,N4,#8FBC8F,2001,1.59
11,N4 PMg,#7FFFD4,2001,1.94
12,N1+N3+N1 PKMg,#228B22,2001,5.26
13,N4 PK,#6B8E23,2001,4.45
14,N4 PKMg*,#008080,2001,4.74
15,N5 PKMg,#00008B,2001,4.95
16,N6 PKMg,#7B68EE,2001,5.17
17,N1+N4+N1 PKMg,#32CD32,2001,5.07
18,N1+N2+N1 PKMg,#FFD700,2001,3.67
19,N1+N1+N1 KMg,#FF8C00,2001,2.73
21,FYM N2,#8B0000,2001,4.75
22,FYM,#FF0000,2001,2.24
3,Nil,#00BFFF,2001,0.35
5,PKMg,#FF00FF,2001,0.43
6,N1 PKMg,#FF4500,2001,2.15
7,N2 PKMg,#9ACD32,2001,3.09
8,N3 PKMg,#00FA9A,2001,3.83
9,N4 PKMg,#00FFFF,2001,4.75
10,N4,#8FBC8F,2002,0.38
11,N4 PMg,#7FFFD4,2002,3.8
12,N1+N3+N1 PKMg,#228B22,2002,3.85
13,N4 PK,#6B8E23,2002,5.15
14,N4 PKMg*,#008080,2002,5.13
15,N5 PKMg,#00008B,2002,6.68
16,N6 PKMg,#7B68EE,2002,8
17,N1+N4+N1 PKMg,#32CD32,2002,7.65
18,N1+N2+N1 PKMg,#FFD700,2002,6.82
19,N1+N1+N1 KMg,#FF8C00,2002,4.32
21,FYM N2,#8B0000,2002,9.26
22,FYM,#FF0000,2002,6.13
3,Nil,#00BFFF,2002,0.34
5,PKMg,#FF00FF,2002,0.72
6,N1 PKMg,#FF4500,2002,1.82
7,N2 PKMg,#9ACD32,2002,2.72
8,N3 PKMg,#00FA9A,2002,3.3
9,N4 PKMg,#00FFFF,2002,5.89
10,N4,#8FBC8F,2003,3.88
11,N4 PMg,#7FFFD4,2003,4.56
12,N1+N3+N1 PKMg,#228B22,2003,8.23
13,N4 PK,#6B8E23,2003,6.96
14,N4 PKMg*,#008080,2003,7.21
15,N5 PKMg,#00008B,2003,7.47
16,N6 PKMg,#7B68EE,2003,7.83
17,N1+N4+N1 PKMg,#32CD32,2003,7.09
18,N1+N2+N1 PKMg,#FFD700,2003,6.28
19,N1+N1+N1 KMg,#FF8C00,2003,6.16
21,FYM N2,#8B0000,2003,7.11
22,FYM,#FF0000,2003,5.15
3,Nil,#00BFFF,2003,0.18
5,PKMg,#FF00FF,2003,1.05
6,N1 PKMg,#FF4500,2003,4.23
7,N2 PKMg,#9ACD32,2003,5.88
8,N3 PKMg,#00FA9A,2003,6.94
9,N4 PKMg,#00FFFF,2003,6.65
10,N4,#8FBC8F,2004,0.12
11,N4 PMg,#7FFFD4,2004,5.07
12,N1+N3+N1 PKMg,#228B22,2004,6.08
13,N4 PK,#6B8E23,2004,3.91
14,N4 PKMg*,#008080,2004,4.88
15,N5 PKMg,#00008B,2004,4.29
16,N6 PKMg,#7B68EE,2004,6.92
17,N1+N4+N1 PKMg,#32CD32,2004,7.37
18,N1+N2+N1 PKMg,#FFD700,2004,6.23
19,N1+N1+N1 KMg,#FF8C00,2004,3.93
21,FYM N2,#8B0000,2004,5.94
22,FYM,#FF0000,2004,4.29
3,Nil,#00BFFF,2004,0.13
5,PKMg,#FF00FF,2004,0.86
6,N1 PKMg,#FF4500,2004,2.73
7,N2 PKMg,#9ACD32,2004,3.72
8,N3 PKMg,#00FA9A,2004,4.17
9,N4 PKMg,#00FFFF,2004,5.82
10,N4,#8FBC8F,2005,2.62
11,N4 PMg,#7FFFD4,2005,3.71
12,N1+N3+N1 PKMg,#228B22,2005,7.47
13,N4 PK,#6B8E23,2005,7.08
14,N4 PKMg*,#008080,2005,7.47
15,N5 PKMg,#00008B,2005,6.77
16,N6 PKMg,#7B68EE,2005,7.43
17,N1+N4+N1 PKMg,#32CD32,2005,7.09
18,N1+N2+N1 PKMg,#FFD700,2005,6.71
19,N1+N1+N1 KMg,#FF8C00,2005,6.28
21,FYM N2,#8B0000,2005,7.38
22,FYM,#FF0000,2005,6.03
3,Nil,#00BFFF,2005,0.51
5,PKMg,#FF00FF,2005,0.88
6,N1 PKMg,#FF4500,2005,3.33
7,N2 PKMg,#9ACD32,2005,4.98
8,N3 PKMg,#00FA9A,2005,6.23
9,N4 PKMg,#00FFFF,2005,7.17
10,N4,#8FBC8F,2006,0.66
11,N4 PMg,#7FFFD4,2006,5.68
12,N1+N3+N1 PKMg,#228B22,2006,8.43
13,N4 PK,#6B8E23,2006,7.28
14,N4 PKMg*,#008080,2006,7.38
15,N5 PKMg,#00008B,2006,6.33
16,N6 PKMg,#7B68EE,2006,7.47
17,N1+N4+N1 PKMg,#32CD32,2006,6.88
18,N1+N2+N1 PKMg,#FFD700,2006,5.81
19,N1+N1+N1 KMg,#FF8C00,2006,4.81
21,FYM N2,#8B0000,2006,7.66
22,FYM,#FF0000,2006,6.2
3,Nil,#00BFFF,2006,0.69
5,PKMg,#FF00FF,2006,1.14
6,N1 PKMg,#FF4500,2006,3.31
7,N2 PKMg,#9ACD32,2006,5.06
8,N3 PKMg,#00FA9A,2006,6.63
9,N4 PKMg,#00FFFF,2006,7.16
10,N4,#8FBC8F,2007,0.35
11,N4 PMg,#7FFFD4,2007,3.19
12,N1+N3+N1 PKMg,#228B22,2007,5.19
13,N4 PK,#6B8E23,2007,4.2
14,N4 PKMg*,#008080,2007,4.52
15,N5 PKMg,#00008B,2007,4.3
16,N6 PKMg,#7B68EE,2007,4.97
17,N1+N4+N1 PKMg,#32CD32,2007,4.8
18,N1+N2+N1 PKMg,#FFD700,2007,2.61
19,N1+N1+N1 KMg,#FF8C00,2007,1.3
21,FYM N2,#8B0000,2007,7.96
22,FYM,#FF0000,2007,4.96
3,Nil,#00BFFF,2007,0.17
5,PKMg,#FF00FF,2007,0.71
6,N1 PKMg,#FF4500,2007,2.19
7,N2 PKMg,#9ACD32,2007,2.24
8,N3 PKMg,#00FA9A,2007,2.89
9,N4 PKMg,#00FFFF,2007,4.89
10,N4,#8FBC8F,2008,1.85
11,N4 PMg,#7FFFD4,2008,3.87
12,N1+N3+N1 PKMg,#228B22,2008,8.34
13,N4 PK,#6B8E23,2008,7.79
14,N4 PKMg*,#008080,2008,7.06
15,N5 PKMg,#00008B,2008,8.33
16,N6 PKMg,#7B68EE,2008,8.34
17,N1+N4+N1 PKMg,#32CD32,2008,7.35
18,N1+N2+N1 PKMg,#FFD700,2008,4.58
19,N1+N1+N1 KMg,#FF8C00,2008,2.23
21,FYM N2,#8B0000,2008,8.34
22,FYM,#FF0000,2008,5.69
3,Nil,#00BFFF,2008,0.32
5,PKMg,#FF00FF,2008,0.76
6,N1 PKMg,#FF4500,2008,4.24
7,N2 PKMg,#9ACD32,2008,6.05
8,N3 PKMg,#00FA9A,2008,7.43
9,N4 PKMg,#00FFFF,2008,8.01
10,N4,#8FBC8F,2009,1.81
11,N4 PMg,#7FFFD4,2009,5.22
12,N1+N3+N1 PKMg,#228B22,2009,5.99
13,N4 PK,#6B8E23,2009,5.99
14,N4 PKMg*,#008080,2009,5.58
15,N5 PKMg,#00008B,2009,6.12
16,N6 PKMg,#7B68EE,2009,6.33
17,N1+N4+N1 PKMg,#32CD32,2009,4.84
18,N1+N2+N1 PKMg,#FFD700,2009,4.4
19,N1+N1+N1 KMg,#FF8C00,2009,4.19
21,FYM N2,#8B0000,2009,7.37
22,FYM,#FF0000,2009,5.86
3,Nil,#00BFFF,2009,0.92
5,PKMg,#FF00FF,2009,1.5
6,N1 PKMg,#FF4500,2009,3.18
7,N2 PKMg,#9ACD32,2009,4
8,N3 PKMg,#00FA9A,2009,5.11
9,N4 PKMg,#00FFFF,2009,5.37
10,N4,#8FBC8F,2010,1.4
11,N4 PMg,#7FFFD4,2010,5.39
12,N1+N3+N1 PKMg,#228B22,2010,6.49
13,N4 PK,#6B8E23,2010,5.47
14,N4 PKMg*,#008080,2010,4.95
15,N5 PKMg,#00008B,2010,6.08
16,N6 PKMg,#7B68EE,2010,5.94
17,N1+N4+N1 PKMg,#32CD32,2010,5.42
18,N1+N2+N1 PKMg,#FFD700,2010,5.07
19,N1+N1+N1 KMg,#FF8C00,2010,5.22
21,FYM N2,#8B0000,2010,5.47
22,FYM,#FF0000,2010,4.45
3,Nil,#00BFFF,2010,0.66
5,PKMg,#FF00FF,2010,1.12
6,N1 PKMg,#FF4500,2010,3.07
7,N2 PKMg,#9ACD32,2010,4.04
8,N3 PKMg,#00FA9A,2010,4.51
9,N4 PKMg,#00FFFF,2010,5.57
10,N4,#8FBC8F,2011,0.93
11,N4 PMg,#7FFFD4,2011,4.8
12,N1+N3+N1 PKMg,#228B22,2011,6.02
13,N4 PK,#6B8E23,2011,4.9
14,N4 PKMg*,#008080,2011,5.39
15,N5 PKMg,#00008B,2011,5.42
16,N6 PKMg,#7B68EE,2011,6.23
17,N1+N4+N1 PKMg,#32CD32,2011,5.81
18,N1+N2+N1 PKMg,#FFD700,2011,4.98
19,N1+N1+N1 KMg,#FF8C00,2011,2.92
21,FYM N2,#8B0000,2011,6.73
22,FYM,#FF0000,2011,5.36
3,Nil,#00BFFF,2011,0.99
5,PKMg,#FF00FF,2011,1.45
6,N1 PKMg,#FF4500,2011,2.67
7,N2 PKMg,#9ACD32,2011,3.57
8,N3 PKMg,#00FA9A,2011,4.29
9,N4 PKMg,#00FFFF,2011,4.93
10,N4,#8FBC8F,2012,1.13
11,N4 PMg,#7FFFD4,2012,2.39
12,N1+N3+N1 PKMg,#228B22,2012,7.28
13,N4 PK,#6B8E23,2012,6.49
14,N4 PKMg*,#008080,2012,6.56
15,N5 PKMg,#00008B,2012,7.17
16,N6 PKMg,#7B68EE,2012,6.99
17,N1+N4+N1 PKMg,#32CD32,2012,6.75
18,N1+N2+N1 PKMg,#FFD700,2012,7.19
19,N1+N1+N1 KMg,#FF8C00,2012,6.73
21,FYM N2,#8B0000,2012,6.93
22,FYM,#FF0000,2012,5.98
3,Nil,#00BFFF,2012,0.52
5,PKMg,#FF00FF,2012,1.56
6,N1 PKMg,#FF4500,2012,3.46
7,N2 PKMg,#9ACD32,2012,4.67
8,N3 PKMg,#00FA9A,2012,5.87
9,N4 PKMg,#00FFFF,2012,6.68
10,N4,#8FBC8F,2013,2.52
11,N4 PMg,#7FFFD4,2013,3.62
12,N1+N3+N1 PKMg,#228B22,2013,5.93
13,N4 PK,#6B8E23,2013,6.09
14,N4 PKMg*,#008080,2013,6.6
15,N5 PKMg,#00008B,2013,5.31
16,N6 PKMg,#7B68EE,2013,5.23
17,N1+N4+N1 PKMg,#32CD32,2013,5.01
18,N1+N2+N1 PKMg,#FFD700,2013,5.23
19,N1+N1+N1 KMg,#FF8C00,2013,4.31
21,FYM N2,#8B0000,2013,5.44
22,FYM,#FF0000,2013,6
3,Nil,#00BFFF,2013,1.32
5,PKMg,#FF00FF,2013,1.84
6,N1 PKMg,#FF4500,2013,3.64
7,N2 PKMg,#9ACD32,2013,5.08
8,N3 PKMg,#00FA9A,2013,6.15
9,N4 PKMg,#00FFFF,2013,5.68
10,N4,#8FBC8F,2014,2.05
11,N4 PMg,#7FFFD4,2014,7.87
12,N1+N3+N1 PKMg,#228B22,2014,8.5
13,N4 PK,#6B8E23,2014,7.49
14,N4 PKMg*,#008080,2014,7.63
15,N5 PKMg,#00008B,2014,8.09
16,N6 PKMg,#7B68EE,2014,8.45
17,N1+N4+N1 PKMg,#32CD32,2014,7.86
18,N1+N2+N1 PKMg,#FFD700,2014,8.23
19,N1+N1+N1 KMg,#FF8C00,2014,7.66
21,FYM N2,#8B0000,2014,8.43
22,FYM,#FF0000,2014,4.84
3,Nil,#00BFFF,2014,1.08
5,PKMg,#FF00FF,2014,1.01
6,N1 PKMg,#FF4500,2014,2.77
7,N2 PKMg,#9ACD32,2014,4.37
8,N3 PKMg,#00FA9A,2014,6.11
9,N4 PKMg,#00FFFF,2014,6.87
10,N4,#8FBC8F,2015,2.62
11,N4 PMg,#7FFFD4,2015,3.48
12,N1+N3+N1 PKMg,#228B22,2015,6.2
13,N4 PK,#6B8E23,2015,5.46
14,N4 PKMg*,#008080,2015,5.85
15,N5 PKMg,#00008B,2015,4.65
16,N6 PKMg,#7B68EE,2015,5.61
17,N1+N4+N1 PKMg,#32CD32,2015,6.11
18,N1+N2+N1 PKMg,#FFD700,2015,5.05
19,N1+N1+N1 KMg,#FF8C00,2015,4.9
21,FYM N2,#8B0000,2015,5.49
22,FYM,#FF0000,2015,6.19
3,Nil,#00BFFF,2015,0.98
5,PKMg,#FF00FF,2015,1.36
6,N1 PKMg,#FF4500,2015,3.3
7,N2 PKMg,#9ACD32,2015,4.62
8,N3 PKMg,#00FA9A,2015,5.46
9,N4 PKMg,#00FFFF,2015,6.38
10,N4,#8FBC8F,2016,0.99
11,N4 PMg,#7FFFD4,2016,6.36
12,N1+N3+N1 PKMg,#228B22,2016,9.81
13,N4 PK,#6B8E23,2016,8.21
14,N4 PKMg*,#008080,2016,7.62
15,N5 PKMg,#00008B,2016,9.67
16,N6 PKMg,#7B68EE,2016,9.63
17,N1+N4+N1 PKMg,#32CD32,2016,9.9
18,N1+N2+N1 PKMg,#FFD700,2016,8.99
19,N1+N1+N1 KMg,#FF8C00,2016,6.98
21,FYM N2,#8B0000,2016,9.84
22,FYM,#FF0000,2016,5.65
3,Nil,#00BFFF,2016,0.74
5,PKMg,#FF00FF,2016,0.8
6,N1 PKMg,#FF4500,2016,2.59
7,N2 PKMg,#9ACD32,2016,4.48
8,N3 PKMg,#00FA9A,2016,6.7
9,N4 PKMg,#00FFFF,2016,7.16
10,N4,#8FBC8F,2017,2.48
11,N4 PMg,#7FFFD4,2017,3.07
12,N1+N3+N1 PKMg,#228B22,2017,5.46
13,N4 PK,#6B8E23,2017,4.94
14,N4 PKMg*,#008080,2017,5.51
15,N5 PKMg,#00008B,2017,4.39
16,N6 PKMg,#7B68EE,2017,4.26
17,N1+N4+N1 PKMg,#32CD32,2017,6.03
18,N1+N2+N1 PKMg,#FFD700,2017,4.89
19,N1+N1+N1 KMg,#FF8C00,2017,5.27
21,FYM N2,#8B0000,2017,7.12
22,FYM,#FF0000,2017,6.37
3,Nil,#00BFFF,2017,0.44
5,PKMg,#FF00FF,2017,0.98
6,N1 PKMg,#FF4500,2017,3.43
7,N2 PKMg,#9ACD32,2017,4.03
8,N3 PKMg,#00FA9A,2017,4.96
9,N4 PKMg,#00FFFF,2017,3.96
10,N4,#8FBC8F,2018,1.06
11,N4 PMg,#7FFFD4,2018,5.03
12,N1+N3+N1 PKMg,#228B22,2018,7.21
13,N4 PK,#6B8E23,2018,7.16
14,N4 PKMg*,#008080,2018,6.56
15,N5 PKMg,#00008B,2018,6.49
16,N6 PKMg,#7B68EE,2018,7.38
17,N1+N4+N1 PKMg,#32CD32,2018,7.22
18,N1+N2+N1 PKMg,#FFD700,2018,7.08
19,N1+N1+N1 KMg,#FF8C00,2018,6.03
21,FYM N2,#8B0000,2018,7.87
22,FYM,#FF0000,2018,6.36
3,Nil,#00BFFF,2018,0.44
5,PKMg,#FF00FF,2018,0.52
6,N1 PKMg,#FF4500,2018,2.56
7,N2 PKMg,#9ACD32,2018,4.59
8,N3 PKMg,#00FA9A,2018,6.38
9,N4 PKMg,#00FFFF,2018,6.98
