year,plot,grain,strip,seriesDate
1844,10,1.13,10,01-01-1844
1844,11,1.25,11,01-01-1844
1844,12,1.13,12,01-01-1844
1844,13,1.2,13,01-01-1844
1844,14,1.14,14,01-01-1844
1844,15,1.23,15,01-01-1844
1844,16,1.46,16,01-01-1844
1844,17,1.39,17,01-01-1844
1844,18,1.53,18,01-01-1844
1844,19,1.77,19,01-01-1844
1844,2,1.43,2,01-01-1844
1844,3,1.03,3,01-01-1844
1844,4,1,4,01-01-1844
1844,5,1.07,5,01-01-1844
1844,6,1.08,6,01-01-1844
1844,7,1.1,7,01-01-1844
1844,8,1.1,8,01-01-1844
1844,9,1.43,9,01-01-1844
1845,10,2.22,10,01-01-1845
1845,11,2.11,11,01-01-1845
1845,12,2.06,12,01-01-1845
1845,13,1.75,13,01-01-1845
1845,14,1.95,14,01-01-1845
1845,15,2.36,15,01-01-1845
1845,16,2.27,16,01-01-1845
1845,17,2.35,17,01-01-1845
1845,18,2.3,18,01-01-1845
1845,19,2.37,19,01-01-1845
1845,2,2.21,2,01-01-1845
1845,3,1.62,3,01-01-1845
1845,4,2.11,4,01-01-1845
1845,5a,1.6,5,01-01-1845
1845,5b,1.94,5,01-01-1845
1845,6,2.1,6,01-01-1845
1845,7,1.89,7,01-01-1845
1845,8,1.92,8,01-01-1845
1845,9,2.39,9,01-01-1845
1846,10a,2.07,10,01-01-1846
1846,10b,1.36,10,01-01-1846
1846,11a,1.82,11,01-01-1846
1846,11b,2.3,11,01-01-1846
1846,12a,1.86,12,01-01-1846
1846,12b,2.19,12,01-01-1846
1846,13a,1.86,13,01-01-1846
1846,13b,2.24,13,01-01-1846
1846,14a,1.8,14,01-01-1846
1846,14b,2.03,14,01-01-1846
1846,15a,2.37,15,01-01-1846
1846,15b,2.09,15,01-01-1846
1846,16a,1.78,16,01-01-1846
1846,16b,2.26,16,01-01-1846
1846,17a,2.51,17,01-01-1846
1846,17b,2.28,17,01-01-1846
1846,18a,2.3,18,01-01-1846
1846,18b,1.65,18,01-01-1846
1846,19a,2.12,19,01-01-1846
1846,2,2.05,2,01-01-1846
1846,3,1.35,3,01-01-1846
1846,4,1.99,4,01-01-1846
1846,5a-1,1.46,5,01-01-1846
1846,5a-2,2.05,5,01-01-1846
1846,5b-1,1.79,5,01-01-1846
1846,5b-2,2.33,5,01-01-1846
1846,6a,1.57,6,01-01-1846
1846,6b,2.21,6,01-01-1846
1846,7a,1.72,7,01-01-1846
1846,7b,2.42,7,01-01-1846
1846,8a,1.74,8,01-01-1846
1846,8b,2.23,8,01-01-1846
1846,9a,1.81,9,01-01-1846
1846,9b,2.18,9,01-01-1846
1847,10a,1.91,10,01-01-1847
1847,10b,1.91,10,01-01-1847
1847,11a,2.29,11,01-01-1847
1847,11b,2.18,11,01-01-1847
1847,12a,2.19,12,01-01-1847
1847,12b,2.01,12,01-01-1847
1847,13a,2.2,13,01-01-1847
1847,13b,2.02,13,01-01-1847
1847,14a,2.18,14,01-01-1847
1847,14b,2.08,14,01-01-1847
1847,15a,2.48,15,01-01-1847
1847,15b,2.4,15,01-01-1847
1847,16a,2.2,16,01-01-1847
1847,16b,2.56,16,01-01-1847
1847,17a,2.49,17,01-01-1847
1847,17b,2.59,17,01-01-1847
1847,18a,2.42,18,01-01-1847
1847,18b,2.27,18,01-01-1847
1847,19,2.46,19,01-01-1847
1847,2,2.22,2,01-01-1847
1847,3,1.26,3,01-01-1847
1847,4,2,4,01-01-1847
1847,5a,2.15,5,01-01-1847
1847,5b,2.39,5,01-01-1847
1847,6a,1.86,6,01-01-1847
1847,6b,1.83,6,01-01-1847
1847,7a,2.06,7,01-01-1847
1847,7b,1.89,7,01-01-1847
1847,8a,2.37,8,01-01-1847
1847,8b,2.26,8,01-01-1847
1847,9a-1,0,9,01-01-1847
1847,9a-2,1.97,9,01-01-1847
1847,9b,1.92,9,01-01-1847
1848,10a,1.5,10,01-01-1848
1848,10b,1.8,10,01-01-1848
1848,11a,2.22,11,01-01-1848
1848,11b,1.84,11,01-01-1848
1848,12a,2.17,12,01-01-1848
1848,12b,1.92,12,01-01-1848
1848,13a,2.19,13,01-01-1848
1848,13b,1.94,13,01-01-1848
1848,14a,2.06,14,01-01-1848
1848,14b,1.93,14,01-01-1848
1848,15a,1.76,15,01-01-1848
1848,15b,1.8,15,01-01-1848
1848,16a,2.21,16,01-01-1848
1848,16b,2.18,16,01-01-1848
1848,17a,2.17,17,01-01-1848
1848,17b,2.18,17,01-01-1848
1848,18a,1.94,18,01-01-1848
1848,18b,2.02,18,01-01-1848
1848,19,2.06,19,01-01-1848
1848,2,1.91,2,01-01-1848
1848,3,1.07,3,01-01-1848
1848,4,1.77,4,01-01-1848
1848,5a,2.14,5,01-01-1848
1848,5b,2.17,5,01-01-1848
1848,6a,1.87,6,01-01-1848
1848,6b,1.95,6,01-01-1848
1848,7a,2.17,7,01-01-1848
1848,7b,2.2,7,01-01-1848
1848,8a,1.42,8,01-01-1848
1848,8b,1.42,8,01-01-1848
1848,9a,1.32,9,01-01-1848
1848,9b,1.87,9,01-01-1848
1849,10a,2.4,10,01-01-1849
1849,10b,2.42,10,01-01-1849
1849,11a,2.6,11,01-01-1849
1849,11b,2.41,11,01-01-1849
1849,12a,2.69,12,01-01-1849
1849,12b,2.55,12,01-01-1849
1849,13a,2.62,13,01-01-1849
1849,13b,2.63,13,01-01-1849
1849,14a,2.54,14,01-01-1849
1849,14b,2.38,14,01-01-1849
1849,15a,2.36,15,01-01-1849
1849,15b,2.25,15,01-01-1849
1849,16a,2.53,16,01-01-1849
1849,16b,2.54,16,01-01-1849
1849,17a,2.6,17,01-01-1849
1849,17b,2.53,17,01-01-1849
1849,18a,2.42,18,01-01-1849
1849,18b,2.51,18,01-01-1849
1849,19,2.24,19,01-01-1849
1849,2,2.32,2,01-01-1849
1849,3,1.38,3,01-01-1849
1849,4,2.31,4,01-01-1849
1849,5a,2.74,5,01-01-1849
1849,5b,2.97,5,01-01-1849
1849,6a,2.7,6,01-01-1849
1849,6b,2.78,6,01-01-1849
1849,7a,2.89,7,01-01-1849
1849,7b,2.84,7,01-01-1849
1849,8a,1.66,8,01-01-1849
1849,8b,2.33,8,01-01-1849
1849,9a,2.28,9,01-01-1849
1849,9b,1.65,9,01-01-1849
1850,10a,1.93,10,01-01-1850
1850,10b,1.31,10,01-01-1850
1850,11a,2.24,11,01-01-1850
1850,11b,2.17,11,01-01-1850
1850,12a,2.17,12,01-01-1850
1850,12b,2.26,12,01-01-1850
1850,13a,2.27,13,01-01-1850
1850,13b,2.2,13,01-01-1850
1850,14a,2.27,14,01-01-1850
1850,14b,2.24,14,01-01-1850
1850,15a,1.9,15,01-01-1850
1850,15b,2.18,15,01-01-1850
1850,16a,2.39,16,01-01-1850
1850,16b,2.42,16,01-01-1850
1850,17a,2.23,17,01-01-1850
1850,17b,2.2,17,01-01-1850
1850,18a,2.17,18,01-01-1850
1850,18b,2.07,18,01-01-1850
1850,19,2.07,19,01-01-1850
1850,2,2.09,2,01-01-1850
1850,3,1.12,3,01-01-1850
1850,4,2,4,01-01-1850
1850,5a,2.21,5,01-01-1850
1850,5b,2.26,5,01-01-1850
1850,6a,2.2,6,01-01-1850
1850,6b,2.22,6,01-01-1850
1850,7a,2.39,7,01-01-1850
1850,7b,2.37,7,01-01-1850
1850,8a,2.08,8,01-01-1850
1850,8b,2.18,8,01-01-1850
1850,9a,2.19,9,01-01-1850
1850,9b,1.98,9,01-01-1850
1851,10a,2.2,10,01-01-1851
1851,10b,2.17,10,01-01-1851
1851,11a,2.48,11,01-01-1851
1851,11b,2.42,11,01-01-1851
1851,12a,2.5,12,01-01-1851
1851,12b,2.47,12,01-01-1851
1851,13a,2.36,13,01-01-1851
1851,13b,2.34,13,01-01-1851
1851,14a,2.38,14,01-01-1851
1851,14b,2.38,14,01-01-1851
1851,15a,2.06,15,01-01-1851
1851,15b,2.33,15,01-01-1851
1851,16a,2.8,16,01-01-1851
1851,16b,2.8,16,01-01-1851
1851,17a,2.41,17,01-01-1851
1851,17b,2.33,17,01-01-1851
1851,18a,2.34,18,01-01-1851
1851,18b,2.34,18,01-01-1851
1851,19,2.28,19,01-01-1851
1851,2,2.3,2,01-01-1851
1851,3,1.21,3,01-01-1851
1851,4,2.15,4,01-01-1851
1851,5a,2.77,5,01-01-1851
1851,5b,2.93,5,01-01-1851
1851,6a,2.55,6,01-01-1851
1851,6b,2.38,6,01-01-1851
1851,7a,2.83,7,01-01-1851
1851,7b,2.84,7,01-01-1851
1851,8a,2,8,01-01-1851
1851,8b,2.09,8,01-01-1851
1851,9a,2.4,9,01-01-1851
1851,9b,2.21,9,01-01-1851
1852,10a,1.48,10,01-01-1852
1852,10b,1.51,10,01-01-1852
1852,11a,1.65,11,01-01-1852
1852,11b,1.55,11,01-01-1852
1852,12a,1.68,12,01-01-1852
1852,12b,1.67,12,01-01-1852
1852,13a,1.66,13,01-01-1852
1852,13b,1.65,13,01-01-1852
1852,14a,1.69,14,01-01-1852
1852,14b,1.72,14,01-01-1852
1852,15a,1.63,15,01-01-1852
1852,15b,1.7,15,01-01-1852
1852,16a,2.01,16,01-01-1852
1852,16b,1.91,16,01-01-1852
1852,17a,1.77,17,01-01-1852
1852,17b,1.7,17,01-01-1852
1852,18a,0.97,18,01-01-1852
1852,18b,1.03,18,01-01-1852
1852,19,1.77,19,01-01-1852
1852,2,1.92,2,01-01-1852
1852,3,0.96,3,01-01-1852
1852,4,0.98,4,01-01-1852
1852,5a,1.16,5,01-01-1852
1852,5b,1.19,5,01-01-1852
1852,6a,1.44,6,01-01-1852
1852,6b,1.46,6,01-01-1852
1852,7a,1.81,7,01-01-1852
1852,7b,1.84,7,01-01-1852
1852,8a,1.9,8,01-01-1852
1852,8b,1.85,8,01-01-1852
1852,9a,1.78,9,01-01-1852
1852,9b,1.69,9,01-01-1852
1853,10a,0.72,10,01-01-1853
1853,10b,1,10,01-01-1853
1853,11a,1.14,11,01-01-1853
1853,11b,1.2,11,01-01-1853
1853,12a,1.44,12,01-01-1853
1853,12b,1.54,12,01-01-1853
1853,13a,1.5,13,01-01-1853
1853,13b,1.56,13,01-01-1853
1853,14a,1.48,14,01-01-1853
1853,14b,1.51,14,01-01-1853
1853,15a,1.28,15,01-01-1853
1853,15b,1.51,15,01-01-1853
1853,16a,1.68,16,01-01-1853
1853,16b,1.72,16,01-01-1853
1853,17a,0.58,17,01-01-1853
1853,17b,0.6,17,01-01-1853
1853,18a,1.25,18,01-01-1853
1853,18b,1.41,18,01-01-1853
1853,19,1.3,19,01-01-1853
1853,2,1.26,2,01-01-1853
1853,3,0.4,3,01-01-1853
1853,4,0.5,4,01-01-1853
1853,5a,0.66,5,01-01-1853
1853,5b,0.68,5,01-01-1853
1853,6a,1.1,6,01-01-1853
1853,6b,1.2,6,01-01-1853
1853,7a,1.53,7,01-01-1853
1853,7b,1.52,7,01-01-1853
1853,8a,1.51,8,01-01-1853
1853,8b,1.6,8,01-01-1853
1853,9a,0.77,9,01-01-1853
1853,9b,0.73,9,01-01-1853
1854,10a,2.48,10,01-01-1854
1854,10b,2.84,10,01-01-1854
1854,11a,3.2,11,01-01-1854
1854,11b,3.09,11,01-01-1854
1854,12a,3.32,12,01-01-1854
1854,12b,3.29,12,01-01-1854
1854,13a,3.27,13,01-01-1854
1854,13b,3.2,13,01-01-1854
1854,14a,3.3,14,01-01-1854
1854,14b,3.21,14,01-01-1854
1854,15a,3.14,15,01-01-1854
1854,15b,3.15,15,01-01-1854
1854,16a,3.62,16,01-01-1854
1854,16b,3.69,16,01-01-1854
1854,17a,3.3,17,01-01-1854
1854,17b,3.06,17,01-01-1854
1854,18a,1.71,18,01-01-1854
1854,18b,1.69,18,01-01-1854
1854,19,2.99,19,01-01-1854
1854,2,3,2,01-01-1854
1854,3,1.52,3,01-01-1854
1854,4,1.71,4,01-01-1854
1854,5a,1.77,5,01-01-1854
1854,5b,1.72,5,01-01-1854
1854,6a,2.45,6,01-01-1854
1854,6b,2.51,6,01-01-1854
1854,7a,3.31,7,01-01-1854
1854,7b,3.3,7,01-01-1854
1854,8a,3.44,8,01-01-1854
1854,8b,3.6,8,01-01-1854
1854,9a,2.75,9,01-01-1854
1854,9b,2.78,9,01-01-1854
1855,10a,1.44,10,01-01-1855
1855,10b,2.02,10,01-01-1855
1855,11a,1.36,11,01-01-1855
1855,11b,1.77,11,01-01-1855
1855,12a,2.17,12,01-01-1855
1855,12b,2.43,12,01-01-1855
1855,13a,2.16,13,01-01-1855
1855,13b,2.37,13,01-01-1855
1855,14a,2.19,14,01-01-1855
1855,14b,2.42,14,01-01-1855
1855,15a,2.28,15,01-01-1855
1855,15b,2.46,15,01-01-1855
1855,16a,2.35,16,01-01-1855
1855,16b,2.37,16,01-01-1855
1855,17a,1.38,17,01-01-1855
1855,17b,1.24,17,01-01-1855
1855,18a,2.38,18,01-01-1855
1855,18b,2.43,18,01-01-1855
1855,19,2.21,19,01-01-1855
1855,2,2.51,2,01-01-1855
1855,3,1.2,3,01-01-1855
1855,4,1.31,4,01-01-1855
1855,5a,1.3,5,01-01-1855
1855,5b,1.28,5,01-01-1855
1855,6a,1.97,6,01-01-1855
1855,6b,2.03,6,01-01-1855
1855,7a,2.34,7,01-01-1855
1855,7b,2.4,7,01-01-1855
1855,8a,2.14,8,01-01-1855
1855,8b,2.41,8,01-01-1855
1855,9a,2.17,9,01-01-1855
1855,9b,1.8,9,01-01-1855
1856,10a,1.69,10,01-01-1856
1856,10b,1.94,10,01-01-1856
1856,11a,2.24,11,01-01-1856
1856,11b,2.18,11,01-01-1856
1856,12a,2.36,12,01-01-1856
1856,12b,2.33,12,01-01-1856
1856,13a,2.28,13,01-01-1856
1856,13b,2.25,13,01-01-1856
1856,14a,2.46,14,01-01-1856
1856,14b,2.42,14,01-01-1856
1856,15a,2.16,15,01-01-1856
1856,15b,2.29,15,01-01-1856
1856,16a,2.72,16,01-01-1856
1856,16b,2.75,16,01-01-1856
1856,17a,2.22,17,01-01-1856
1856,17b,2.17,17,01-01-1856
1856,18a,1.28,18,01-01-1856
1856,18b,1.27,18,01-01-1856
1856,19,2.31,19,01-01-1856
1856,2,2.55,2,01-01-1856
1856,3,1,3,01-01-1856
1856,3a,1.97,3,01-01-1856
1856,4,1.15,4,01-01-1856
1856,5a,1.31,5,01-01-1856
1856,5b,1.4,5,01-01-1856
1856,6a,1.92,6,01-01-1856
1856,6b,1.97,6,01-01-1856
1856,7a,2.59,7,01-01-1856
1856,7b,2.52,7,01-01-1856
1856,8a,2.81,8,01-01-1856
1856,8b,2.69,8,01-01-1856
1856,9a,2.26,9,01-01-1856
1856,9b,1.88,9,01-01-1856
1857,10a,2.04,10,01-01-1857
1857,10b,2.45,10,01-01-1857
1857,11a,2.73,11,01-01-1857
1857,11b,2.69,11,01-01-1857
1857,12a,3.08,12,01-01-1857
1857,12b,3.06,12,01-01-1857
1857,13a,3.04,13,01-01-1857
1857,13b,3.07,13,01-01-1857
1857,14a,3.12,14,01-01-1857
1857,14b,3.03,14,01-01-1857
1857,15a,3.01,15,01-01-1857
1857,15b,3.1,15,01-01-1857
1857,16a,3.51,16,01-01-1857
1857,16b,3.58,16,01-01-1857
1857,17a,1.84,17,01-01-1857
1857,17b,1.77,17,01-01-1857
1857,18a,2.88,18,01-01-1857
1857,18b,2.82,18,01-01-1857
1857,19,2.91,19,01-01-1857
1857,2,2.9,2,01-01-1857
1857,3,1.39,3,01-01-1857
1857,3a,1.36,3,01-01-1857
1857,4,1.55,4,01-01-1857
1857,5a,1.58,5,01-01-1857
1857,5b,1.69,5,01-01-1857
1857,6a,2.48,6,01-01-1857
1857,6b,2.46,6,01-01-1857
1857,7a,3.12,7,01-01-1857
1857,7b,3.25,7,01-01-1857
1857,8a,3.43,8,01-01-1857
1857,8b,3.51,8,01-01-1857
1857,9a,3.1,9,01-01-1857
1857,9b,2.49,9,01-01-1857
1858,10a,1.61,10,01-01-1858
1858,10b,1.99,10,01-01-1858
1858,11a,2.22,11,01-01-1858
1858,11b,2.35,11,01-01-1858
1858,12a,2.73,12,01-01-1858
1858,12b,2.68,12,01-01-1858
1858,13a,2.67,13,01-01-1858
1858,13b,2.69,13,01-01-1858
1858,14a,2.7,14,01-01-1858
1858,14b,2.73,14,01-01-1858
1858,15a,2.56,15,01-01-1858
1858,15b,2.73,15,01-01-1858
1858,16a,3.03,16,01-01-1858
1858,16b,3.05,16,01-01-1858
1858,17a,2.41,17,01-01-1858
1858,17b,2.44,17,01-01-1858
1858,18a,1.65,18,01-01-1858
1858,18b,1.5,18,01-01-1858
1858,19,2.44,19,01-01-1858
1858,2,2.82,2,01-01-1858
1858,3,1.28,3,01-01-1858
1858,3a,1.32,3,01-01-1858
1858,4,1.35,4,01-01-1858
1858,5a,1.33,5,01-01-1858
1858,5b,1.38,5,01-01-1858
1858,6a,2.04,6,01-01-1858
1858,6b,2.07,6,01-01-1858
1858,7a,2.75,7,01-01-1858
1858,7b,2.84,7,01-01-1858
1858,8a,3,8,01-01-1858
1858,8b,3,8,01-01-1858
1858,9a,2.67,9,01-01-1858
1858,9b,1.65,9,01-01-1858
1859,10a,1.35,10,01-01-1859
1859,10b,1.68,10,01-01-1859
1859,11a,1.82,11,01-01-1859
1859,11b,1.9,11,01-01-1859
1859,12a,2.31,12,01-01-1859
1859,12b,2.37,12,01-01-1859
1859,13a,2.28,13,01-01-1859
1859,13b,2.34,13,01-01-1859
1859,14a,2.3,14,01-01-1859
1859,14b,2.32,14,01-01-1859
1859,15a,2.3,15,01-01-1859
1859,15b,2.35,15,01-01-1859
1859,16a,2.27,16,01-01-1859
1859,16b,2.25,16,01-01-1859
1859,17a,1.4,17,01-01-1859
1859,17b,1.31,17,01-01-1859
1859,18a,2.21,18,01-01-1859
1859,18b,2.22,18,01-01-1859
1859,19,2.13,19,01-01-1859
1859,2,2.54,2,01-01-1859
1859,3,1.18,3,01-01-1859
1859,3a,1.17,3,01-01-1859
1859,4,1.33,4,01-01-1859
1859,5a,1.43,5,01-01-1859
1859,5b,1.43,5,01-01-1859
1859,6a,2.03,6,01-01-1859
1859,6b,2.08,6,01-01-1859
1859,7a,2.35,7,01-01-1859
1859,7b,2.34,7,01-01-1859
1859,8a,2.32,8,01-01-1859
1859,8b,2.25,8,01-01-1859
1859,9a,2.02,9,01-01-1859
1859,9b,1.58,9,01-01-1859
1860,10a,1.01,10,01-01-1860
1860,10b,1.19,10,01-01-1860
1860,11a,1.42,11,01-01-1860
1860,11b,1.47,11,01-01-1860
1860,12a,1.85,12,01-01-1860
1860,12b,1.77,12,01-01-1860
1860,13a,1.77,13,01-01-1860
1860,13b,1.79,13,01-01-1860
1860,14a,1.77,14,01-01-1860
1860,14b,1.75,14,01-01-1860
1860,15a,1.69,15,01-01-1860
1860,15b,1.81,15,01-01-1860
1860,16a,2.08,16,01-01-1860
1860,16b,2.12,16,01-01-1860
1860,17a,1.58,17,01-01-1860
1860,17b,1.74,17,01-01-1860
1860,18a,1.04,18,01-01-1860
1860,18b,1.08,18,01-01-1860
1860,19,1.61,19,01-01-1860
1860,2,2.09,2,01-01-1860
1860,3,0.83,3,01-01-1860
1860,3a,0.76,3,01-01-1860
1860,4,0.93,4,01-01-1860
1860,5a,1.01,5,01-01-1860
1860,5b,1.05,5,01-01-1860
1860,6a,1.36,6,01-01-1860
1860,6b,1.49,6,01-01-1860
1860,7a,1.81,7,01-01-1860
1860,7b,1.79,7,01-01-1860
1860,8a,1.97,8,01-01-1860
1860,8b,2,8,01-01-1860
1860,9a,2.08,9,01-01-1860
1860,9b,1.29,9,01-01-1860
1861,10a,0.96,10,01-01-1861
1861,10b,1.16,10,01-01-1861
1861,11a,1.63,11,01-01-1861
1861,11b,1.77,11,01-01-1861
1861,12a,2.25,12,01-01-1861
1861,12b,2.4,12,01-01-1861
1861,13a,2.43,13,01-01-1861
1861,13b,2.58,13,01-01-1861
1861,14a,2.38,14,01-01-1861
1861,14b,2.44,14,01-01-1861
1861,15a,2.45,15,01-01-1861
1861,15b,2.52,15,01-01-1861
1861,16a,2.62,16,01-01-1861
1861,16b,2.73,16,01-01-1861
1861,17a-1,1.93,17,01-01-1861
1861,17a-2,1.38,17,01-01-1861
1861,17b,1.31,17,01-01-1861
1861,18a,2.3,18,01-01-1861
1861,18b,2.38,18,01-01-1861
1861,19,2.36,19,01-01-1861
1861,2,2.47,2,01-01-1861
1861,3,0.83,3,01-01-1861
1861,3a,0.89,3,01-01-1861
1861,4,0.97,4,01-01-1861
1861,5a,1.17,5,01-01-1861
1861,5b,1.21,5,01-01-1861
1861,6a,1.97,6,01-01-1861
1861,6b,2.04,6,01-01-1861
1861,7a,2.54,7,01-01-1861
1861,7b,2.45,7,01-01-1861
1861,8a,2.57,8,01-01-1861
1861,8b,2.45,8,01-01-1861
1861,9a,2.42,9,01-01-1861
1861,9b,1.02,9,01-01-1861
1862,10a,1.63,10,01-01-1862
1862,10b,1.79,10,01-01-1862
1862,11a,1.91,11,01-01-1862
1862,11b,1.94,11,01-01-1862
1862,12a,2.35,12,01-01-1862
1862,12b,2.27,12,01-01-1862
1862,13a,2.19,13,01-01-1862
1862,13b,2.26,13,01-01-1862
1862,14a,2.11,14,01-01-1862
1862,14b,2.25,14,01-01-1862
1862,15a,2.1,15,01-01-1862
1862,15b,2.27,15,01-01-1862
1862,16a,2.49,16,01-01-1862
1862,16b,2.5,16,01-01-1862
1862,17a,1.96,17,01-01-1862
1862,17b,1.89,17,01-01-1862
1862,18a,1.31,18,01-01-1862
1862,18b,1.34,18,01-01-1862
1862,19,1.66,19,01-01-1862
1862,2,2.74,2,01-01-1862
1862,3,1.12,3,01-01-1862
1862,3a,1.25,3,01-01-1862
1862,4,1.18,4,01-01-1862
1862,5a,1.25,5,01-01-1862
1862,5b,1.23,5,01-01-1862
1862,6a,1.92,6,01-01-1862
1862,6b,2.01,6,01-01-1862
1862,7a,2.47,7,01-01-1862
1862,7b,2.54,7,01-01-1862
1862,8a,2.78,8,01-01-1862
1862,8b,2.75,8,01-01-1862
1862,9a,3.01,9,01-01-1862
1862,9b,1.84,9,01-01-1862
1863,10a,2.9,10,01-01-1863
1863,10b,3.2,10,01-01-1863
1863,11a,3.34,11,01-01-1863
1863,11b,3.43,11,01-01-1863
1863,12a,3.96,12,01-01-1863
1863,12b,3.87,12,01-01-1863
1863,13a,3.87,13,01-01-1863
1863,13b,3.86,13,01-01-1863
1863,14a,3.95,14,01-01-1863
1863,14b,3.87,14,01-01-1863
1863,15a,3.49,15,01-01-1863
1863,15b,3.51,15,01-01-1863
1863,16a,4.16,16,01-01-1863
1863,16b,4.04,16,01-01-1863
1863,17a,1.54,17,01-01-1863
1863,17b,1.56,17,01-01-1863
1863,18a,3.37,18,01-01-1863
1863,18b,3.37,18,01-01-1863
1863,19,3.42,19,01-01-1863
1863,2,3.24,2,01-01-1863
1863,3,1.26,3,01-01-1863
1863,3a,1.25,3,01-01-1863
1863,4,1.46,4,01-01-1863
1863,5a,1.44,5,01-01-1863
1863,5b,1.45,5,01-01-1863
1863,6a,2.83,6,01-01-1863
1863,6b,2.84,6,01-01-1863
1863,7a,3.9,7,01-01-1863
1863,7b,3.93,7,01-01-1863
1863,8a,4.11,8,01-01-1863
1863,8b,3.99,8,01-01-1863
1863,9a,4.01,9,01-01-1863
1863,9b,3.05,9,01-01-1863
1864,10a,2.35,10,01-01-1864
1864,10b,2.68,10,01-01-1864
1864,11a,2.48,11,01-01-1864
1864,11b,2.68,11,01-01-1864
1864,12a,3.23,12,01-01-1864
1864,12b,3.23,12,01-01-1864
1864,13a,3.12,13,01-01-1864
1864,13b,3.23,13,01-01-1864
1864,14a,3.07,14,01-01-1864
1864,14b,3.08,14,01-01-1864
1864,15a,2.76,15,01-01-1864
1864,15b,2.71,15,01-01-1864
1864,16a,3.74,16,01-01-1864
1864,16b,3.78,16,01-01-1864
1864,17a,2.67,17,01-01-1864
1864,17b,2.6,17,01-01-1864
1864,18a,1.21,18,01-01-1864
1864,18b,1.31,18,01-01-1864
1864,19,2.74,19,01-01-1864
1864,2,2.91,2,01-01-1864
1864,3,1.21,3,01-01-1864
1864,4,1.22,4,01-01-1864
1864,5a,1.18,5,01-01-1864
1864,5b,1.26,5,01-01-1864
1864,6a,2.26,6,01-01-1864
1864,6b,2.22,6,01-01-1864
1864,7a,3.26,7,01-01-1864
1864,7b,3.46,7,01-01-1864
1864,8a,3.68,8,01-01-1864
1864,8b,3.7,8,01-01-1864
1864,9a,3.73,9,01-01-1864
1864,9b,2.45,9,01-01-1864
1865,10a,1.85,10,01-01-1865
1865,10b,2.17,10,01-01-1865
1865,11a,1.9,11,01-01-1865
1865,11b,2,11,01-01-1865
1865,12a,2.55,12,01-01-1865
1865,12b,2.49,12,01-01-1865
1865,13a,2.61,13,01-01-1865
1865,13b,2.81,13,01-01-1865
1865,14a,2.63,14,01-01-1865
1865,14b,2.68,14,01-01-1865
1865,15a,2.57,15,01-01-1865
1865,15b,2.7,15,01-01-1865
1865,16a,2.37,16,01-01-1865
1865,16b,2.38,16,01-01-1865
1865,17a,1.23,17,01-01-1865
1865,17b,1.23,17,01-01-1865
1865,18a,2.15,18,01-01-1865
1865,18b,2.31,18,01-01-1865
1865,19,2.34,19,01-01-1865
1865,2,2.67,2,01-01-1865
1865,3,0.93,3,01-01-1865
1865,3a,0.96,3,01-01-1865
1865,4,1.06,4,01-01-1865
1865,5a,1.02,5,01-01-1865
1865,5b,1.03,5,01-01-1865
1865,6a,1.78,6,01-01-1865
1865,6b,1.82,6,01-01-1865
1865,7a,2.86,7,01-01-1865
1865,7b,2.92,7,01-01-1865
1865,8a,3.15,8,01-01-1865
1865,8b,3.2,8,01-01-1865
1865,9a,3.23,9,01-01-1865
1865,9b,2.25,9,01-01-1865
1866,10a,1.9,10,01-01-1866
1866,10b,2.07,10,01-01-1866
1866,11a,2.01,11,01-01-1866
1866,11b,2.02,11,01-01-1866
1866,12a,2.02,12,01-01-1866
1866,12b,2.03,12,01-01-1866
1866,13a,1.77,13,01-01-1866
1866,13b,1.85,13,01-01-1866
1866,14a,2.03,14,01-01-1866
1866,14b,1.98,14,01-01-1866
1866,15a,1.86,15,01-01-1866
1866,15b,1.89,15,01-01-1866
1866,16a,1.25,16,01-01-1866
1866,16b,1.26,16,01-01-1866
1866,17a,1.95,17,01-01-1866
1866,17b,1.84,17,01-01-1866
1866,18a,0.87,18,01-01-1866
1866,18b,0.95,18,01-01-1866
1866,19,1.9,19,01-01-1866
1866,2,2.32,2,01-01-1866
1866,3,0.87,3,01-01-1866
1866,3a,0.9,3,01-01-1866
1866,4,0.96,4,01-01-1866
1866,5a,0.93,5,01-01-1866
1866,5b,0.95,5,01-01-1866
1866,6a,1.41,6,01-01-1866
1866,6b,1.49,6,01-01-1866
1866,7a,2.13,7,01-01-1866
1866,7b,2.11,7,01-01-1866
1866,8a,2.31,8,01-01-1866
1866,8b,2.3,8,01-01-1866
1866,9a,2.31,9,01-01-1866
1866,9b,2.22,9,01-01-1866
1867,10a,1.26,10,01-01-1867
1867,10b,1.39,10,01-01-1867
1867,11a,1.52,11,01-01-1867
1867,11b,1.59,11,01-01-1867
1867,12a,1.77,12,01-01-1867
1867,12b,1.69,12,01-01-1867
1867,13a,1.65,13,01-01-1867
1867,13b,1.71,13,01-01-1867
1867,14a,1.63,14,01-01-1867
1867,14b,1.57,14,01-01-1867
1867,15a,1.6,15,01-01-1867
1867,15b,1.61,15,01-01-1867
1867,16a,1,16,01-01-1867
1867,16b,1.02,16,01-01-1867
1867,17a,0.76,17,01-01-1867
1867,17b,0.74,17,01-01-1867
1867,18a,1.55,18,01-01-1867
1867,18b,1.62,18,01-01-1867
1867,19,1.59,19,01-01-1867
1867,2,1.97,2,01-01-1867
1867,3,0.6,3,01-01-1867
1867,3a,0.59,3,01-01-1867
1867,4,0.65,4,01-01-1867
1867,5a,0.68,5,01-01-1867
1867,5b,0.62,5,01-01-1867
1867,6a,1.09,6,01-01-1867
1867,6b,1.16,6,01-01-1867
1867,7a,1.65,7,01-01-1867
1867,7b,1.53,7,01-01-1867
1867,8a,2.13,8,01-01-1867
1867,8b,2.25,8,01-01-1867
1867,9a,2.08,9,01-01-1867
1867,9b,1.56,9,01-01-1867
1868,10a,1.82,10,01-01-1868
1868,10b,2.07,10,01-01-1868
1868,11a,2.48,11,01-01-1868
1868,11b,2.47,11,01-01-1868
1868,12a,2.93,12,01-01-1868
1868,12b,2.94,12,01-01-1868
1868,13a,2.71,13,01-01-1868
1868,13b,2.93,13,01-01-1868
1868,14a,3.04,14,01-01-1868
1868,14b,3.09,14,01-01-1868
1868,15a,3.2,15,01-01-1868
1868,15b,3.02,15,01-01-1868
1868,16a,1.66,16,01-01-1868
1868,16b,1.61,16,01-01-1868
1868,17a,2.76,17,01-01-1868
1868,17b,2.7,17,01-01-1868
1868,18a,1.31,18,01-01-1868
1868,18b,1.39,18,01-01-1868
1868,19,2.72,19,01-01-1868
1868,2,2.92,2,01-01-1868
1868,3,1.18,3,01-01-1868
1868,3a,1.28,3,01-01-1868
1868,4,1.24,4,01-01-1868
1868,5a,1.17,5,01-01-1868
1868,5b,1.37,5,01-01-1868
1868,6a,2,6,01-01-1868
1868,6b,2.12,6,01-01-1868
1868,7a,2.83,7,01-01-1868
1868,7b,2.7,7,01-01-1868
1868,8a,3.13,8,01-01-1868
1868,8b,3.44,8,01-01-1868
1868,9a,3.33,9,01-01-1868
1868,9b,2.02,9,01-01-1868
1869,10a,1.36,10,01-01-1869
1869,10b,1.33,10,01-01-1869
1869,11a,1.62,11,01-01-1869
1869,11b,1.4,11,01-01-1869
1869,12a,1.84,12,01-01-1869
1869,12b,1.93,12,01-01-1869
1869,13a,1.83,13,01-01-1869
1869,13b,2.05,13,01-01-1869
1869,14a,1.99,14,01-01-1869
1869,14b,1.91,14,01-01-1869
1869,15a,1.83,15,01-01-1869
1869,15b,1.9,15,01-01-1869
1869,16a,1.14,16,01-01-1869
1869,16b,1.1,16,01-01-1869
1869,17a,1.07,17,01-01-1869
1869,17b,1.19,17,01-01-1869
1869,18a,1.6,18,01-01-1869
1869,18b,1.59,18,01-01-1869
1869,19,1.62,19,01-01-1869
1869,2,2.53,2,01-01-1869
1869,3,0.95,3,01-01-1869
1869,3a,0.94,3,01-01-1869
1869,4,1,4,01-01-1869
1869,5a,1.04,5,01-01-1869
1869,5b,1.07,5,01-01-1869
1869,6a,1.43,6,01-01-1869
1869,6b,1.51,6,01-01-1869
1869,7a,1.96,7,01-01-1869
1869,7b,1.99,7,01-01-1869
1869,8a,2.36,8,01-01-1869
1869,8b,2.34,8,01-01-1869
1869,9a,2.65,9,01-01-1869
1869,9b,1.63,9,01-01-1869
1870,10a,1.59,10,01-01-1870
1870,10b,1.68,10,01-01-1870
1870,11a,1.85,11,01-01-1870
1870,11b,1.89,11,01-01-1870
1870,12a,2.63,12,01-01-1870
1870,12b,2.49,12,01-01-1870
1870,13a,2.61,13,01-01-1870
1870,13b,2.84,13,01-01-1870
1870,14a,2.62,14,01-01-1870
1870,14b,2.69,14,01-01-1870
1870,15a,2.8,15,01-01-1870
1870,15b,2.86,15,01-01-1870
1870,16a,1.35,16,01-01-1870
1870,16b,1.35,16,01-01-1870
1870,17a,2.45,17,01-01-1870
1870,17b,2.6,17,01-01-1870
1870,18a,1.32,18,01-01-1870
1870,18b,1.5,18,01-01-1870
1870,19,2.4,19,01-01-1870
1870,2,2.64,2,01-01-1870
1870,3,1.07,3,01-01-1870
1870,3a,1.07,3,01-01-1870
1870,4,1.15,4,01-01-1870
1870,5a,1.32,5,01-01-1870
1870,5b,1.38,5,01-01-1870
1870,6a,2.17,6,01-01-1870
1870,6b,2.27,6,01-01-1870
1870,7a,2.88,7,01-01-1870
1870,7b,3,7,01-01-1870
1870,8a,3.35,8,01-01-1870
1870,8b,3.29,8,01-01-1870
1870,9a,3.3,9,01-01-1870
1870,9b,1.94,9,01-01-1870
1871,10a,0.76,10,01-01-1871
1871,10b,0.74,10,01-01-1871
1871,11a,0.89,11,01-01-1871
1871,11b,0.75,11,01-01-1871
1871,12a,1.63,12,01-01-1871
1871,12b,1.41,12,01-01-1871
1871,13a,2.03,13,01-01-1871
1871,13b,2.3,13,01-01-1871
1871,14a,1.94,14,01-01-1871
1871,14b,1.67,14,01-01-1871
1871,15a,2.14,15,01-01-1871
1871,15b,2.35,15,01-01-1871
1871,16a,0.94,16,01-01-1871
1871,16b,0.94,16,01-01-1871
1871,17a,0.92,17,01-01-1871
1871,17b,1.27,17,01-01-1871
1871,18a,1.98,18,01-01-1871
1871,18b,2.01,18,01-01-1871
1871,19,1.58,19,01-01-1871
1871,2,2.8,2,01-01-1871
1871,3,0.69,3,01-01-1871
1871,4,0.79,4,01-01-1871
1871,5a,0.8,5,01-01-1871
1871,5b,0.93,5,01-01-1871
1871,6a,1.23,6,01-01-1871
1871,6b,1.21,6,01-01-1871
1871,7a,1.68,7,01-01-1871
1871,7b,1.7,7,01-01-1871
1871,8a,1.96,8,01-01-1871
1871,8b,2.17,8,01-01-1871
1871,9a,2.5,9,01-01-1871
1871,9b,1.23,9,01-01-1871
1872,10a,1.32,10,01-01-1872
1872,10b-1,1.31,10,01-01-1872
1872,10b-2,1.55,10,01-01-1872
1872,11a,1.98,11,01-01-1872
1872,11b,1.97,11,01-01-1872
1872,12a,2.16,12,01-01-1872
1872,12b,2.04,12,01-01-1872
1872,13a,2.18,13,01-01-1872
1872,13b,2.16,13,01-01-1872
1872,14a,2.24,14,01-01-1872
1872,14b,2.13,14,01-01-1872
1872,15a,2.2,15,01-01-1872
1872,15b,2.35,15,01-01-1872
1872,16a,0.98,16,01-01-1872
1872,16b,0.89,16,01-01-1872
1872,17a,1.89,17,01-01-1872
1872,17b,1.88,17,01-01-1872
1872,18a,0.92,18,01-01-1872
1872,18b,0.97,18,01-01-1872
1872,19,2.01,19,01-01-1872
1872,2,2.29,2,01-01-1872
1872,3,0.79,3,01-01-1872
1872,4,0.8,4,01-01-1872
1872,5a,0.94,5,01-01-1872
1872,5b,0.93,5,01-01-1872
1872,6a,1.47,6,01-01-1872
1872,6b,1.46,6,01-01-1872
1872,7a,2.17,7,01-01-1872
1872,7b,2.17,7,01-01-1872
1872,8a,2.69,8,01-01-1872
1872,8b,2.52,8,01-01-1872
1872,9a,2.88,9,01-01-1872
1872,9b,1.61,9,01-01-1872
1873,10a,1.31,10,01-01-1873
1873,10b,1.4,10,01-01-1873
1873,11a,1.29,11,01-01-1873
1873,11b,1.29,11,01-01-1873
1873,12a,1.52,12,01-01-1873
1873,12b,1.57,12,01-01-1873
1873,13a,1.56,13,01-01-1873
1873,13b,1.61,13,01-01-1873
1873,14a,1.6,14,01-01-1873
1873,14b,1.63,14,01-01-1873
1873,15a,2.2,15,01-01-1873
1873,15b,2.18,15,01-01-1873
1873,16a,0.85,16,01-01-1873
1873,16b,0.87,16,01-01-1873
1873,17a,0.72,17,01-01-1873
1873,17b,0.88,17,01-01-1873
1873,18a,1.32,18,01-01-1873
1873,18b,1.43,18,01-01-1873
1873,19,1.36,19,01-01-1873
1873,2,1.82,2,01-01-1873
1873,3,0.79,3,01-01-1873
1873,4,0.84,4,01-01-1873
1873,5a,0.86,5,01-01-1873
1873,5b,0.85,5,01-01-1873
1873,6a,1.01,6,01-01-1873
1873,6b,1.14,6,01-01-1873
1873,7a,1.42,7,01-01-1873
1873,7b,1.55,7,01-01-1873
1873,8a,1.76,8,01-01-1873
1873,8b,1.93,8,01-01-1873
1873,9a,2.42,9,01-01-1873
1873,9b,1.46,9,01-01-1873
1874,10a,1.65,10,01-01-1874
1874,10b,1.89,10,01-01-1874
1874,11a,2.48,11,01-01-1874
1874,11b,2.08,11,01-01-1874
1874,12a,2.8,12,01-01-1874
1874,12b,2.64,12,01-01-1874
1874,13a,2.58,13,01-01-1874
1874,13b,2.58,13,01-01-1874
1874,14a,2.57,14,01-01-1874
1874,14b,2.45,14,01-01-1874
1874,15a,1.93,15,01-01-1874
1874,15b,2.13,15,01-01-1874
1874,16a,0.63,16,01-01-1874
1874,16b,1.03,16,01-01-1874
1874,17a,2.27,17,01-01-1874
1874,17b,2.35,17,01-01-1874
1874,18a,0.93,18,01-01-1874
1874,18b,0.98,18,01-01-1874
1874,19,2.57,19,01-01-1874
1874,2,2.73,2,01-01-1874
1874,3,0.78,3,01-01-1874
1874,4,0.82,4,01-01-1874
1874,5a,0.86,5,01-01-1874
1874,5b,0.92,5,01-01-1874
1874,6a,1.74,6,01-01-1874
1874,6b,1.75,6,01-01-1874
1874,7a,2.73,7,01-01-1874
1874,7b,2.76,7,01-01-1874
1874,8a,2.96,8,01-01-1874
1874,8b,2.77,8,01-01-1874
1874,9a,2.7,9,01-01-1874
1874,9b,1.42,9,01-01-1874
1875,10a,0.88,10,01-01-1875
1875,10b,1.05,10,01-01-1875
1875,11a,1.36,11,01-01-1875
1875,11b,1.15,11,01-01-1875
1875,12a,1.78,12,01-01-1875
1875,12b,1.76,12,01-01-1875
1875,13a,1.88,13,01-01-1875
1875,13b,1.98,13,01-01-1875
1875,14a,1.96,14,01-01-1875
1875,14b,1.77,14,01-01-1875
1875,15a,1.79,15,01-01-1875
1875,15b,2.05,15,01-01-1875
1875,16a,0.76,16,01-01-1875
1875,16b,0.69,16,01-01-1875
1875,17a,0.77,17,01-01-1875
1875,17b,0.87,17,01-01-1875
1875,18a,1.76,18,01-01-1875
1875,18b,1.79,18,01-01-1875
1875,19,1.56,19,01-01-1875
1875,2,2.12,2,01-01-1875
1875,3,0.64,3,01-01-1875
1875,4,0.57,4,01-01-1875
1875,5a,0.59,5,01-01-1875
1875,5b,0.73,5,01-01-1875
1875,6a,1.17,6,01-01-1875
1875,6b,1.22,6,01-01-1875
1875,7a,1.85,7,01-01-1875
1875,7b,1.93,7,01-01-1875
1875,8a,2.25,8,01-01-1875
1875,8b,2.09,8,01-01-1875
1875,9a,2.2,9,01-01-1875
1875,9b,1.18,9,01-01-1875
1876,10a,0.81,10,01-01-1876
1876,10b,0.95,10,01-01-1876
1876,11a,1.08,11,01-01-1876
1876,11b,0.93,11,01-01-1876
1876,12a,1.41,12,01-01-1876
1876,12b,1.35,12,01-01-1876
1876,13a,1.77,13,01-01-1876
1876,13b,1.87,13,01-01-1876
1876,14a,1.63,14,01-01-1876
1876,14b,1.5,14,01-01-1876
1876,15a,1.8,15,01-01-1876
1876,15b,1.92,15,01-01-1876
1876,16a,0.74,16,01-01-1876
1876,16b,0.75,16,01-01-1876
1876,17a,1.92,17,01-01-1876
1876,17b,1.81,17,01-01-1876
1876,18a,0.68,18,01-01-1876
1876,18b,0.72,18,01-01-1876
1876,19,1.29,19,01-01-1876
1876,2,1.73,2,01-01-1876
1876,3,0.56,3,01-01-1876
1876,4,0.61,4,01-01-1876
1876,5a,0.68,5,01-01-1876
1876,5b,0.76,5,01-01-1876
1876,6a,1.08,6,01-01-1876
1876,6b,1.21,6,01-01-1876
1876,7a,1.62,7,01-01-1876
1876,7b,1.93,7,01-01-1876
1876,8a,2.3,8,01-01-1876
1876,8b,2.12,8,01-01-1876
1876,9a,2.53,9,01-01-1876
1876,9b,0.86,9,01-01-1876
1877,10a,1.16,10,01-01-1877
1877,10b,1.24,10,01-01-1877
1877,11a,1.33,11,01-01-1877
1877,11b,1.17,11,01-01-1877
1877,12a,1.4,12,01-01-1877
1877,12b,1.11,12,01-01-1877
1877,13a,1.31,13,01-01-1877
1877,13b,1.24,13,01-01-1877
1877,14a,1.31,14,01-01-1877
1877,14b,1.19,14,01-01-1877
1877,15a,2.22,15,01-01-1877
1877,15b,2.28,15,01-01-1877
1877,16a,0.68,16,01-01-1877
1877,16b,0.64,16,01-01-1877
1877,17a,0.74,17,01-01-1877
1877,17b,0.66,17,01-01-1877
1877,18a,0.78,18,01-01-1877
1877,18b,0.91,18,01-01-1877
1877,19,1.3,19,01-01-1877
1877,2,1.66,2,01-01-1877
1877,3,0.61,3,01-01-1877
1877,4,0.65,4,01-01-1877
1877,5a,0.75,5,01-01-1877
1877,5b,0.79,5,01-01-1877
1877,6a,1.01,6,01-01-1877
1877,6b,0.95,6,01-01-1877
1877,7a,1.41,7,01-01-1877
1877,7b,1.31,7,01-01-1877
1877,8a,1.87,8,01-01-1877
1877,8b,1.52,8,01-01-1877
1877,9a,2.67,9,01-01-1877
1877,9b,1.85,9,01-01-1877
1878,10a,1.91,10,01-01-1878
1878,10b-1,2.08,10,01-01-1878
1878,10b-2,2,10,01-01-1878
1878,11a,2.12,11,01-01-1878
1878,11b,2.13,11,01-01-1878
1878,12a,2.14,12,01-01-1878
1878,12b,2.2,12,01-01-1878
1878,13a,2.12,13,01-01-1878
1878,13b,2.15,13,01-01-1878
1878,14a,2.34,14,01-01-1878
1878,14b,2.24,14,01-01-1878
1878,15a,1.5,15,01-01-1878
1878,15b,1.68,15,01-01-1878
1878,16a,0.97,16,01-01-1878
1878,16b,0.94,16,01-01-1878
1878,17a,2.15,17,01-01-1878
1878,17b,2.06,17,01-01-1878
1878,18a,1.07,18,01-01-1878
1878,18b,1.09,18,01-01-1878
1878,19,1.93,19,01-01-1878
1878,2,2.12,2,01-01-1878
1878,3,0.87,3,01-01-1878
1878,4,0.87,4,01-01-1878
1878,5a,1.01,5,01-01-1878
1878,5b,1.01,5,01-01-1878
1878,6a,1.6,6,01-01-1878
1878,6b,1.65,6,01-01-1878
1878,7a,2.24,7,01-01-1878
1878,7b,2.39,7,01-01-1878
1878,8a,2.75,8,01-01-1878
1878,8b,2.79,8,01-01-1878
1878,9a,2.62,9,01-01-1878
1878,9b,1.58,9,01-01-1878
1879,10a,0.3,10,01-01-1879
1879,10b-1,0.41,10,01-01-1879
1879,10b-2,0.59,10,01-01-1879
1879,11a,0.88,11,01-01-1879
1879,11b,0.76,11,01-01-1879
1879,12a,1.02,12,01-01-1879
1879,12b,1.07,12,01-01-1879
1879,13a,1.08,13,01-01-1879
1879,13b,1.33,13,01-01-1879
1879,14a,1.24,14,01-01-1879
1879,14b,1.22,14,01-01-1879
1879,15a,0.46,15,01-01-1879
1879,15b,0.37,15,01-01-1879
1879,16a,0.4,16,01-01-1879
1879,16b,0.36,16,01-01-1879
1879,17a,0.21,17,01-01-1879
1879,17b,0.29,17,01-01-1879
1879,18a,1.44,18,01-01-1879
1879,18b,1.49,18,01-01-1879
1879,19,0.64,19,01-01-1879
1879,2,1.19,2,01-01-1879
1879,3,0.37,3,01-01-1879
1879,4,0.36,4,01-01-1879
1879,5a,0.43,5,01-01-1879
1879,5b,0.43,5,01-01-1879
1879,6a,0.69,6,01-01-1879
1879,6b,0.85,6,01-01-1879
1879,7a,1.09,7,01-01-1879
1879,7b,1.27,7,01-01-1879
1879,8a,1.48,8,01-01-1879
1879,8b,1.55,8,01-01-1879
1879,9a,1.64,9,01-01-1879
1879,9b,0.39,9,01-01-1879
1880,10a,0.72,10,01-01-1880
1880,10b,0.87,10,01-01-1880
1880,11a,1.88,11,01-01-1880
1880,11b,1.7,11,01-01-1880
1880,12a,2.15,12,01-01-1880
1880,12b,1.95,12,01-01-1880
1880,13a,2.32,13,01-01-1880
1880,13b,2.27,13,01-01-1880
1880,14a,2.25,14,01-01-1880
1880,14b,2.03,14,01-01-1880
1880,15a,2.61,15,01-01-1880
1880,15b,2.51,15,01-01-1880
1880,16a,0.99,16,01-01-1880
1880,16b,0.99,16,01-01-1880
1880,17a,2.26,17,01-01-1880
1880,17b,2.34,17,01-01-1880
1880,18a,1.01,18,01-01-1880
1880,18b,1.05,18,01-01-1880
1880,19,2.31,19,01-01-1880
1880,2,2.66,2,01-01-1880
1880,3,0.77,3,01-01-1880
1880,4,0.85,4,01-01-1880
1880,5a,1.26,5,01-01-1880
1880,5b,1.16,5,01-01-1880
1880,6a,1.93,6,01-01-1880
1880,6b,1.8,6,01-01-1880
1880,7a,2.41,7,01-01-1880
1880,7b,2.41,7,01-01-1880
1880,8a,2.66,8,01-01-1880
1880,8b,2.28,8,01-01-1880
1880,9a,2.39,9,01-01-1880
1880,9b,0.73,9,01-01-1880
1881,10a,1.31,10,01-01-1881
1881,10b,1.41,10,01-01-1881
1881,11a,1.54,11,01-01-1881
1881,11b,1.52,11,01-01-1881
1881,12a,1.71,12,01-01-1881
1881,12b,1.52,12,01-01-1881
1881,13a,1.95,13,01-01-1881
1881,13b,1.9,13,01-01-1881
1881,14a,1.95,14,01-01-1881
1881,14b,1.77,14,01-01-1881
1881,15a,1.72,15,01-01-1881
1881,15b,1.68,15,01-01-1881
1881,16a,0.91,16,01-01-1881
1881,16b,0.9,16,01-01-1881
1881,17a,0.93,17,01-01-1881
1881,17b,0.85,17,01-01-1881
1881,18a,2.13,18,01-01-1881
1881,18b,2.12,18,01-01-1881
1881,19,1.72,19,01-01-1881
1881,2,2.14,2,01-01-1881
1881,3,0.97,3,01-01-1881
1881,4,0.85,4,01-01-1881
1881,5a,0.9,5,01-01-1881
1881,5b,0.9,5,01-01-1881
1881,6a,1.49,6,01-01-1881
1881,6b,1.55,6,01-01-1881
1881,7a,1.95,7,01-01-1881
1881,7b,1.89,7,01-01-1881
1881,8a,2.34,8,01-01-1881
1881,8b,2.06,8,01-01-1881
1881,9a,2.55,9,01-01-1881
1881,9b,1.6,9,01-01-1881
1882,10a,1.75,10,01-01-1882
1882,10b,1.87,10,01-01-1882
1882,11a,2.26,11,01-01-1882
1882,11b,2.19,11,01-01-1882
1882,12a,2.49,12,01-01-1882
1882,12b,2.49,12,01-01-1882
1882,13a,2.36,13,01-01-1882
1882,13b,2.3,13,01-01-1882
1882,14a,2.51,14,01-01-1882
1882,14b,2.39,14,01-01-1882
1882,15a,2.1,15,01-01-1882
1882,15b,2.05,15,01-01-1882
1882,16a,0.78,16,01-01-1882
1882,16b,0.73,16,01-01-1882
1882,17a,2.21,17,01-01-1882
1882,17b,2.25,17,01-01-1882
1882,18a,1.03,18,01-01-1882
1882,18b,1.18,18,01-01-1882
1882,19,2.18,19,01-01-1882
1882,2,2.25,2,01-01-1882
1882,3,0.76,3,01-01-1882
1882,4,0.78,4,01-01-1882
1882,5a,0.89,5,01-01-1882
1882,5b,0.85,5,01-01-1882
1882,6a,1.64,6,01-01-1882
1882,6b,1.65,6,01-01-1882
1882,7a,2.58,7,01-01-1882
1882,7b,2.46,7,01-01-1882
1882,8a,2.58,8,01-01-1882
1882,8b,2.63,8,01-01-1882
1882,9a,2.26,9,01-01-1882
1882,9b,1.7,9,01-01-1882
1883,10a,1.34,10,01-01-1883
1883,10b-1,1.43,10,01-01-1883
1883,10b-2,2.15,10,01-01-1883
1883,11a,2.06,11,01-01-1883
1883,11b,1.82,11,01-01-1883
1883,12a,2.37,12,01-01-1883
1883,12b,2.22,12,01-01-1883
1883,13a,2.57,13,01-01-1883
1883,13b,2.46,13,01-01-1883
1883,14a,2.54,14,01-01-1883
1883,14b,2.42,14,01-01-1883
1883,15a,2.47,15,01-01-1883
1883,15b,2.43,15,01-01-1883
1883,16a,1.13,16,01-01-1883
1883,16b,1.17,16,01-01-1883
1883,17a,1.16,17,01-01-1883
1883,17b,1.12,17,01-01-1883
1883,18a,2.7,18,01-01-1883
1883,18b,2.77,18,01-01-1883
1883,19,2.23,19,01-01-1883
1883,2,2.52,2,01-01-1883
1883,3,0.98,3,01-01-1883
1883,4,0.94,4,01-01-1883
1883,5a,1.11,5,01-01-1883
1883,5b,1.15,5,01-01-1883
1883,6a,1.97,6,01-01-1883
1883,6b,2.02,6,01-01-1883
1883,7a,2.64,7,01-01-1883
1883,7b,2.69,7,01-01-1883
1883,8a,3.22,8,01-01-1883
1883,8b,3.02,8,01-01-1883
1883,9a,3.26,9,01-01-1883
1883,9b-1,1.5,9,01-01-1883
1883,9b-2,2.77,9,01-01-1883
1884,10a,1.81,10,01-01-1884
1884,10b-1,1.93,10,01-01-1884
1884,10b-2,2.38,10,01-01-1884
1884,11a,2.26,11,01-01-1884
1884,11b,2.36,11,01-01-1884
1884,12a,2.63,12,01-01-1884
1884,12b,2.58,12,01-01-1884
1884,13a,2.45,13,01-01-1884
1884,13b,2.41,13,01-01-1884
1884,14a,2.63,14,01-01-1884
1884,14b,2.61,14,01-01-1884
1884,15a,2.54,15,01-01-1884
1884,15b,2.48,15,01-01-1884
1884,16a,2.75,16,01-01-1884
1884,16b,2.51,16,01-01-1884
1884,17a,2.54,17,01-01-1884
1884,17b,2.4,17,01-01-1884
1884,18a,0.9,18,01-01-1884
1884,18b,0.96,18,01-01-1884
1884,19,2.29,19,01-01-1884
1884,2,2.36,2,01-01-1884
1884,3,0.92,3,01-01-1884
1884,4,0.94,4,01-01-1884
1884,5a,1.05,5,01-01-1884
1884,5b,1.14,5,01-01-1884
1884,6a,1.83,6,01-01-1884
1884,6b,1.87,6,01-01-1884
1884,7a,2.83,7,01-01-1884
1884,7b,2.73,7,01-01-1884
1884,8a,3.29,8,01-01-1884
1884,8b,3.09,8,01-01-1884
1884,9a,2.9,9,01-01-1884
1884,9b-1,1.94,9,01-01-1884
1884,9b-2,2.51,9,01-01-1884
1885,10a,1.64,10,01-01-1885
1885,10b-1,1.68,10,01-01-1885
1885,10b-2,1.72,10,01-01-1885
1885,11a,1.65,11,01-01-1885
1885,11b,1.5,11,01-01-1885
1885,12a,1.98,12,01-01-1885
1885,12b,1.84,12,01-01-1885
1885,13a,1.98,13,01-01-1885
1885,13b,1.85,13,01-01-1885
1885,14a,1.92,14,01-01-1885
1885,14b,1.86,14,01-01-1885
1885,15a,1.87,15,01-01-1885
1885,15b,1.67,15,01-01-1885
1885,16a,2.72,16,01-01-1885
1885,16b,2.54,16,01-01-1885
1885,17a,0.88,17,01-01-1885
1885,17b,0.85,17,01-01-1885
1885,18a,2.3,18,01-01-1885
1885,18b,2.29,18,01-01-1885
1885,19,2.06,19,01-01-1885
1885,2a,1.64,2,01-01-1885
1885,2b,2.82,2,01-01-1885
1885,3,1.04,3,01-01-1885
1885,4,0.87,4,01-01-1885
1885,5a,0.97,5,01-01-1885
1885,5b,1.07,5,01-01-1885
1885,6a,1.5,6,01-01-1885
1885,6b,1.54,6,01-01-1885
1885,7a,2.2,7,01-01-1885
1885,7b,2.22,7,01-01-1885
1885,8a,2.66,8,01-01-1885
1885,8b,2.54,8,01-01-1885
1885,9a,2.17,9,01-01-1885
1885,9b-1,1.59,9,01-01-1885
1885,9b-2,2.06,9,01-01-1885
1886,10a,0.91,10,01-01-1886
1886,10b-1,1.05,10,01-01-1886
1886,10b-2,0.98,10,01-01-1886
1886,11a,1.2,11,01-01-1886
1886,11b,1.15,11,01-01-1886
1886,12a,1.85,12,01-01-1886
1886,12b,1.83,12,01-01-1886
1886,13a,2.63,13,01-01-1886
1886,13b,2.63,13,01-01-1886
1886,14a,2.3,14,01-01-1886
1886,14b,2,14,01-01-1886
1886,15a,1.81,15,01-01-1886
1886,15b,1.83,15,01-01-1886
1886,16a,3.05,16,01-01-1886
1886,16b,3.12,16,01-01-1886
1886,17a,2.63,17,01-01-1886
1886,17b,2.63,17,01-01-1886
1886,18a,0.84,18,01-01-1886
1886,18b,1.06,18,01-01-1886
1886,19,2,19,01-01-1886
1886,2a,1.54,2,01-01-1886
1886,2b,2.62,2,01-01-1886
1886,3,0.63,3,01-01-1886
1886,4,0.68,4,01-01-1886
1886,5a,0.74,5,01-01-1886
1886,5b,0.86,5,01-01-1886
1886,6a,1.54,6,01-01-1886
1886,6b,1.59,6,01-01-1886
1886,7a,2.52,7,01-01-1886
1886,7b,2.49,7,01-01-1886
1886,8a,3.1,8,01-01-1886
1886,8b,2.94,8,01-01-1886
1886,9a,2.3,9,01-01-1886
1886,9b,1.05,9,01-01-1886
1887,10a,1.44,10,01-01-1887
1887,10b-1,1.59,10,01-01-1887
1887,10b-2,1.71,10,01-01-1887
1887,11a,1.52,11,01-01-1887
1887,11b,1.54,11,01-01-1887
1887,12a,2.16,12,01-01-1887
1887,12b,2.09,12,01-01-1887
1887,13a,1.84,13,01-01-1887
1887,13b,1.98,13,01-01-1887
1887,14a,1.98,14,01-01-1887
1887,14b,2.12,14,01-01-1887
1887,15a,2.43,15,01-01-1887
1887,15b,2.42,15,01-01-1887
1887,16a,2.84,16,01-01-1887
1887,16b,2.89,16,01-01-1887
1887,17a,0.85,17,01-01-1887
1887,17b,0.65,17,01-01-1887
1887,18a,2.24,18,01-01-1887
1887,18b,2.24,18,01-01-1887
1887,19,1.93,19,01-01-1887
1887,2a,1.84,2,01-01-1887
1887,2b,2.51,2,01-01-1887
1887,3,1.02,3,01-01-1887
1887,4,0.95,4,01-01-1887
1887,5a,1.04,5,01-01-1887
1887,5b,1,5,01-01-1887
1887,6a,1.61,6,01-01-1887
1887,6b,1.7,6,01-01-1887
1887,7a,2.16,7,01-01-1887
1887,7b,2.05,7,01-01-1887
1887,8a,2.57,8,01-01-1887
1887,8b,2.43,8,01-01-1887
1887,9a,2.2,9,01-01-1887
1887,9b,1.62,9,01-01-1887
1888,10a,0.86,10,01-01-1888
1888,10b-1,0.69,10,01-01-1888
1888,10b-2,0.98,10,01-01-1888
1888,11a,0.74,11,01-01-1888
1888,11b,0.87,11,01-01-1888
1888,12a,1.61,12,01-01-1888
1888,12b,1.63,12,01-01-1888
1888,13a,2.29,13,01-01-1888
1888,13b,2.25,13,01-01-1888
1888,14a,1.76,14,01-01-1888
1888,14b,1.76,14,01-01-1888
1888,15a,2.02,15,01-01-1888
1888,15b,1.93,15,01-01-1888
1888,16a,2.29,16,01-01-1888
1888,16b,2.26,16,01-01-1888
1888,17a,2.2,17,01-01-1888
1888,17b,2.17,17,01-01-1888
1888,18a,0.84,18,01-01-1888
1888,18b,0.92,18,01-01-1888
1888,19,1.95,19,01-01-1888
1888,2a,1.9,2,01-01-1888
1888,2b,2.62,2,01-01-1888
1888,3,0.69,3,01-01-1888
1888,4,0.71,4,01-01-1888
1888,5a,0.8,5,01-01-1888
1888,5b,0.88,5,01-01-1888
1888,6a,1.57,6,01-01-1888
1888,6b,1.7,6,01-01-1888
1888,7a,2.48,7,01-01-1888
1888,7b,2.45,7,01-01-1888
1888,8a,2.59,8,01-01-1888
1888,8b,2.37,8,01-01-1888
1888,9a,1.93,9,01-01-1888
1888,9b,1.02,9,01-01-1888
1889,10aB,0.78,10,01-01-1889
1889,10aT,0.21,10,01-01-1889
1889,10b-1B,0.81,10,01-01-1889
1889,10b-2B,1.27,10,01-01-1889
1889,10bT,0.36,10,01-01-1889
1889,11aB,1.11,11,01-01-1889
1889,11aT,1.08,11,01-01-1889
1889,11bB,1.13,11,01-01-1889
1889,11bT,0.93,11,01-01-1889
1889,12aB,1.68,12,01-01-1889
1889,12aT,1.12,12,01-01-1889
1889,12bB,1.63,12,01-01-1889
1889,12bT,1.12,12,01-01-1889
1889,13aB,1.74,13,01-01-1889
1889,13aT,1.62,13,01-01-1889
1889,13bB,1.9,13,01-01-1889
1889,13bT,1.43,13,01-01-1889
1889,14aB,1.75,14,01-01-1889
1889,14aT,0,14,01-01-1889
1889,14bB,1.64,14,01-01-1889
1889,14bT,0.84,14,01-01-1889
1889,15aB,2,15,01-01-1889
1889,15aT,1.38,15,01-01-1889
1889,15bB,1.78,15,01-01-1889
1889,15bT,1.29,15,01-01-1889
1889,16aB,2.01,16,01-01-1889
1889,16aT,1.64,16,01-01-1889
1889,16bB,1.98,16,01-01-1889
1889,16bT,1.58,16,01-01-1889
1889,17aB,0.76,17,01-01-1889
1889,17aT,0.49,17,01-01-1889
1889,17bB,0.64,17,01-01-1889
1889,17bT,0.5,17,01-01-1889
1889,18aB,1.53,18,01-01-1889
1889,18aT,1.5,18,01-01-1889
1889,18bB,1.7,18,01-01-1889
1889,18bT,1.64,18,01-01-1889
1889,19B,1.5,19,01-01-1889
1889,19T,1.37,19,01-01-1889
1889,2aB,2.11,2,01-01-1889
1889,2aT,1.89,2,01-01-1889
1889,2bB,2.75,2,01-01-1889
1889,2bT,2.56,2,01-01-1889
1889,3B,0.83,3,01-01-1889
1889,3T,0.66,3,01-01-1889
1889,4B,0.89,4,01-01-1889
1889,4T,0.8,4,01-01-1889
1889,5aB,1.02,5,01-01-1889
1889,5aT,1.09,5,01-01-1889
1889,5bB,1.08,5,01-01-1889
1889,5bT,1.13,5,01-01-1889
1889,6aB,1.57,6,01-01-1889
1889,6aT,1.62,6,01-01-1889
1889,6bB,1.61,6,01-01-1889
1889,6bT,1.7,6,01-01-1889
1889,7aB,2.13,7,01-01-1889
1889,7aT,2.17,7,01-01-1889
1889,7bB,2.11,7,01-01-1889
1889,7bT,2.02,7,01-01-1889
1889,8aB,2.4,8,01-01-1889
1889,8aT,2.02,8,01-01-1889
1889,8bB,2.42,8,01-01-1889
1889,8bT,1.87,8,01-01-1889
1889,9aB,1.8,9,01-01-1889
1889,9aT,1.99,9,01-01-1889
1889,9bB,0.83,9,01-01-1889
1889,9bT,0.33,9,01-01-1889
1890,10aB,0.87,10,01-01-1890
1890,10aT,1.61,10,01-01-1890
1890,10b-1T,1.88,10,01-01-1890
1890,10b-2T,2.36,10,01-01-1890
1890,10bB,0.89,10,01-01-1890
1890,11aB,1.16,11,01-01-1890
1890,11aT,2.31,11,01-01-1890
1890,11bB,1.11,11,01-01-1890
1890,11bT,2.38,11,01-01-1890
1890,12aB,1.56,12,01-01-1890
1890,12aT,2.89,12,01-01-1890
1890,12bB,1.57,12,01-01-1890
1890,12bT,2.84,12,01-01-1890
1890,13aB,2.03,13,01-01-1890
1890,13aT,3.16,13,01-01-1890
1890,13bB,2.04,13,01-01-1890
1890,13bT,3.18,13,01-01-1890
1890,14aB,1.78,14,01-01-1890
1890,14aT,2.72,14,01-01-1890
1890,14bB,1.96,14,01-01-1890
1890,14bT,2.71,14,01-01-1890
1890,15aB,2.51,15,01-01-1890
1890,15aT,3.33,15,01-01-1890
1890,15bB,2.24,15,01-01-1890
1890,15bT,3.27,15,01-01-1890
1890,16aB,2.28,16,01-01-1890
1890,16aT,2.9,16,01-01-1890
1890,16bB,2.19,16,01-01-1890
1890,16bT,2.92,16,01-01-1890
1890,17aB,2.29,17,01-01-1890
1890,17aT,3,17,01-01-1890
1890,17bB,2.21,17,01-01-1890
1890,17bT,2.77,17,01-01-1890
1890,18aB,1.12,18,01-01-1890
1890,18aT,1.63,18,01-01-1890
1890,18bB,1.18,18,01-01-1890
1890,18bT,1.56,18,01-01-1890
1890,19B,1.76,19,01-01-1890
1890,19T,2.55,19,01-01-1890
1890,2aB,1.56,2,01-01-1890
1890,2aT,2.43,2,01-01-1890
1890,2bB,2.5,2,01-01-1890
1890,2bT,3.49,2,01-01-1890
1890,3B,0.59,3,01-01-1890
1890,3T,1.31,3,01-01-1890
1890,4B,0.71,4,01-01-1890
1890,4T,1.32,4,01-01-1890
1890,5aB,0.65,5,01-01-1890
1890,5aT,1.29,5,01-01-1890
1890,5bB,0.67,5,01-01-1890
1890,5bT,1.35,5,01-01-1890
1890,6aB,1.48,6,01-01-1890
1890,6aT,2.41,6,01-01-1890
1890,6bB,1.57,6,01-01-1890
1890,6bT,2.48,6,01-01-1890
1890,7aB,2.04,7,01-01-1890
1890,7aT,3.12,7,01-01-1890
1890,7bB,1.83,7,01-01-1890
1890,7bT,3.01,7,01-01-1890
1890,8aB,2.08,8,01-01-1890
1890,8aT,3.11,8,01-01-1890
1890,8bB,2.03,8,01-01-1890
1890,8bT,3.15,8,01-01-1890
1890,9aB,1.66,9,01-01-1890
1890,9aT,2.7,9,01-01-1890
1890,9bB,0.87,9,01-01-1890
1890,9bT,1.6,9,01-01-1890
1891,10a,1.45,10,01-01-1891
1891,10b-1,1.66,10,01-01-1891
1891,10b-2,1.84,10,01-01-1891
1891,11a,1.8,11,01-01-1891
1891,11b,1.56,11,01-01-1891
1891,12a,2.41,12,01-01-1891
1891,12b,2.4,12,01-01-1891
1891,13a,2.56,13,01-01-1891
1891,13b,2.63,13,01-01-1891
1891,14a,2.48,14,01-01-1891
1891,14b,2.46,14,01-01-1891
1891,15a,2.73,15,01-01-1891
1891,15b,2.63,15,01-01-1891
1891,16a,2.85,16,01-01-1891
1891,16b,2.81,16,01-01-1891
1891,17a,1.01,17,01-01-1891
1891,17b,0.99,17,01-01-1891
1891,18a,2.12,18,01-01-1891
1891,18b,2.19,18,01-01-1891
1891,19,1.93,19,01-01-1891
1891,2a,2.3,2,01-01-1891
1891,2b,3.23,2,01-01-1891
1891,3,0.93,3,01-01-1891
1891,4,0.83,4,01-01-1891
1891,5a,0.73,5,01-01-1891
1891,5b,0.85,5,01-01-1891
1891,6a,1.63,6,01-01-1891
1891,6b,1.88,6,01-01-1891
1891,7a,2.69,7,01-01-1891
1891,7b,2.75,7,01-01-1891
1891,8a,2.63,8,01-01-1891
1891,8b,2.68,8,01-01-1891
1891,9a,2.31,9,01-01-1891
1891,9b-1,1.57,9,01-01-1891
1891,9b-2,2.38,9,01-01-1891
1892,10a,0.77,10,01-01-1892
1892,10b-1,0.82,10,01-01-1892
1892,10b-2,1.01,10,01-01-1892
1892,11a,1.12,11,01-01-1892
1892,11b,1.09,11,01-01-1892
1892,12a,1.56,12,01-01-1892
1892,12b,1.84,12,01-01-1892
1892,13a,2.11,13,01-01-1892
1892,13b,2.11,13,01-01-1892
1892,14a,1.75,14,01-01-1892
1892,14b,1.66,14,01-01-1892
1892,15aB,2.06,15,01-01-1892
1892,15aT,2.14,15,01-01-1892
1892,15bB,1.78,15,01-01-1892
1892,15bT,2.2,15,01-01-1892
1892,16a,2.27,16,01-01-1892
1892,16b,2.26,16,01-01-1892
1892,17a,2.04,17,01-01-1892
1892,17b,2.11,17,01-01-1892
1892,18a,0.84,18,01-01-1892
1892,18b,0.9,18,01-01-1892
1892,19,1.75,19,01-01-1892
1892,2a,1.75,2,01-01-1892
1892,2b,2.37,2,01-01-1892
1892,3,0.66,3,01-01-1892
1892,4,0.69,4,01-01-1892
1892,5a,0.72,5,01-01-1892
1892,5b,0.75,5,01-01-1892
1892,6a,1.54,6,01-01-1892
1892,6b,1.63,6,01-01-1892
1892,7a,2.32,7,01-01-1892
1892,7b,2.21,7,01-01-1892
1892,8a,2.74,8,01-01-1892
1892,8b,2.65,8,01-01-1892
1892,9a,1.8,9,01-01-1892
1892,9b-1,0.75,9,01-01-1892
1892,9b-2,1.14,9,01-01-1892
1893,10a,0.56,10,01-01-1893
1893,10b-1,0.62,10,01-01-1893
1893,10b-2,0.68,10,01-01-1893
1893,11a,0.54,11,01-01-1893
1893,11b,0.52,11,01-01-1893
1893,12a,0.72,12,01-01-1893
1893,12b,0.91,12,01-01-1893
1893,13a,1.19,13,01-01-1893
1893,13b,1.21,13,01-01-1893
1893,14a,0.89,14,01-01-1893
1893,14b,0.95,14,01-01-1893
1893,15a,1.41,15,01-01-1893
1893,15b,1.26,15,01-01-1893
1893,16a,1.42,16,01-01-1893
1893,16b,1.4,16,01-01-1893
1893,17a,0.91,17,01-01-1893
1893,17b,0.88,17,01-01-1893
1893,18a,1.49,18,01-01-1893
1893,18b,1.51,18,01-01-1893
1893,19,1.27,19,01-01-1893
1893,2a,1.91,2,01-01-1893
1893,2b,2.52,2,01-01-1893
1893,3,0.72,3,01-01-1893
1893,4,0.85,4,01-01-1893
1893,5a,1,5,01-01-1893
1893,5b,1.05,5,01-01-1893
1893,6a,1.39,6,01-01-1893
1893,6b,1.45,6,01-01-1893
1893,7a,1.49,7,01-01-1893
1893,7b,1.48,7,01-01-1893
1893,8a,1.61,8,01-01-1893
1893,8b,1.55,8,01-01-1893
1893,9a,1.29,9,01-01-1893
1893,9b,0.72,9,01-01-1893
1894,10a,2.07,10,01-01-1894
1894,10b,2.29,10,01-01-1894
1894,11,2.87,11,01-01-1894
1894,12,3.39,12,01-01-1894
1894,13,3.39,13,01-01-1894
1894,14,3.19,14,01-01-1894
1894,15B,2.68,15,01-01-1894
1894,15T,3.19,15,01-01-1894
1894,16B,3.37,16,01-01-1894
1894,16T,3.39,16,01-01-1894
1894,17,2.65,17,01-01-1894
1894,18,1.93,18,01-01-1894
1894,19,2.71,19,01-01-1894
1894,2a,2.65,2,01-01-1894
1894,2b,3.23,2,01-01-1894
1894,3,1.26,3,01-01-1894
1894,4,1.24,4,01-01-1894
1894,5B,1.43,5,01-01-1894
1894,5T,1.68,5,01-01-1894
1894,6B,2.65,6,01-01-1894
1894,6T,2.85,6,01-01-1894
1894,7B,3.43,7,01-01-1894
1894,7T,3.55,7,01-01-1894
1894,8B,3.57,8,01-01-1894
1894,8T,3.52,8,01-01-1894
1894,9a,3.12,9,01-01-1894
1894,9b,2.96,9,01-01-1894
1895,10a,0.64,10,01-01-1895
1895,10b,0.77,10,01-01-1895
1895,11,1.09,11,01-01-1895
1895,12,1.63,12,01-01-1895
1895,13,2.07,13,01-01-1895
1895,14,1.54,14,01-01-1895
1895,15B,1.79,15,01-01-1895
1895,15T,1.83,15,01-01-1895
1895,16B,2.23,16,01-01-1895
1895,16T,2.51,16,01-01-1895
1895,17,0.9,17,01-01-1895
1895,18,2.07,18,01-01-1895
1895,19,1.62,19,01-01-1895
1895,2a,2.8,2,01-01-1895
1895,2b,3.17,2,01-01-1895
1895,3,0.74,3,01-01-1895
1895,4,0.83,4,01-01-1895
1895,5B,1.1,5,01-01-1895
1895,5T,1.13,5,01-01-1895
1895,6B,1.47,6,01-01-1895
1895,6T,1.64,6,01-01-1895
1895,7B,2.06,7,01-01-1895
1895,7T,2.55,7,01-01-1895
1895,8B,2.79,8,01-01-1895
1895,8T,3.04,8,01-01-1895
1895,9a,1.97,9,01-01-1895
1895,9b,1.64,9,01-01-1895
1896,10a,1.61,10,01-01-1896
1896,10b,1.69,10,01-01-1896
1896,11,1.78,11,01-01-1896
1896,12,2.52,12,01-01-1896
1896,13,2.48,13,01-01-1896
1896,14,2.18,14,01-01-1896
1896,15B,2.08,15,01-01-1896
1896,15T,2.39,15,01-01-1896
1896,16B,2.74,16,01-01-1896
1896,16T,2.84,16,01-01-1896
1896,17,2.63,17,01-01-1896
1896,18,1.23,18,01-01-1896
1896,19,2.6,19,01-01-1896
1896,2a,2.97,2,01-01-1896
1896,2b,3.26,2,01-01-1896
1896,3,1.22,3,01-01-1896
1896,4,1.17,4,01-01-1896
1896,5B,1.42,5,01-01-1896
1896,5T,1.48,5,01-01-1896
1896,6B,2.08,6,01-01-1896
1896,6T,2.22,6,01-01-1896
1896,7B,2.56,7,01-01-1896
1896,7T,2.96,7,01-01-1896
1896,8B,3.21,8,01-01-1896
1896,8T,3.46,8,01-01-1896
1896,9a,2.34,9,01-01-1896
1896,9b,2.43,9,01-01-1896
1897,10a,1.28,10,01-01-1897
1897,10b,1.21,10,01-01-1897
1897,11,1.17,11,01-01-1897
1897,12,1.58,12,01-01-1897
1897,13,2,13,01-01-1897
1897,14,1.41,14,01-01-1897
1897,15B,1.36,15,01-01-1897
1897,15T,1.61,15,01-01-1897
1897,16B,1.86,16,01-01-1897
1897,16T,2.16,16,01-01-1897
1897,17,0.82,17,01-01-1897
1897,18,2.24,18,01-01-1897
1897,19,1.64,19,01-01-1897
1897,2a,2.32,2,01-01-1897
1897,2b,2.73,2,01-01-1897
1897,3,0.66,3,01-01-1897
1897,4,0.72,4,01-01-1897
1897,5B,0.94,5,01-01-1897
1897,5T,0.92,5,01-01-1897
1897,6B,1.41,6,01-01-1897
1897,6T,1.45,6,01-01-1897
1897,7B,1.91,7,01-01-1897
1897,7T,2.27,7,01-01-1897
1897,8B,2.56,8,01-01-1897
1897,8T,2.9,8,01-01-1897
1897,9a,1.84,9,01-01-1897
1897,9b,1.71,9,01-01-1897
1898,10a,1.56,10,01-01-1898
1898,10b,1.64,10,01-01-1898
1898,11,1.35,11,01-01-1898
1898,12,1.9,12,01-01-1898
1898,13,2.01,13,01-01-1898
1898,14,1.78,14,01-01-1898
1898,15B,2.13,15,01-01-1898
1898,15T,2.25,15,01-01-1898
1898,16B,1.75,16,01-01-1898
1898,16T,1.84,16,01-01-1898
1898,17,1.96,17,01-01-1898
1898,18,1.12,18,01-01-1898
1898,19,2.2,19,01-01-1898
1898,2a,2.58,2,01-01-1898
1898,2b,3.03,2,01-01-1898
1898,3,0.92,3,01-01-1898
1898,4,0.93,4,01-01-1898
1898,5B,0.93,5,01-01-1898
1898,5T,1.13,5,01-01-1898
1898,6B,1.5,6,01-01-1898
1898,6T,1.6,6,01-01-1898
1898,7B,2.08,7,01-01-1898
1898,7T,2.28,7,01-01-1898
1898,8B,2.09,8,01-01-1898
1898,8T,2.47,8,01-01-1898
1898,9a,1.93,9,01-01-1898
1898,9b,1.86,9,01-01-1898
1899,10,1.66,10,01-01-1899
1899,11,1.53,11,01-01-1899
1899,12,2.04,12,01-01-1899
1899,13,1.87,13,01-01-1899
1899,14,1.99,14,01-01-1899
1899,15B,1.75,15,01-01-1899
1899,15T,2.03,15,01-01-1899
1899,16B,2.61,16,01-01-1899
1899,16T,2.71,16,01-01-1899
1899,17,0.98,17,01-01-1899
1899,18,1.89,18,01-01-1899
1899,19,2.02,19,01-01-1899
1899,2a,2.45,2,01-01-1899
1899,2b,3.02,2,01-01-1899
1899,3,0.86,3,01-01-1899
1899,5B,0.87,5,01-01-1899
1899,5T,1.01,5,01-01-1899
1899,6B,1.23,6,01-01-1899
1899,6T,1.45,6,01-01-1899
1899,7B,2.08,7,01-01-1899
1899,7T,2.37,7,01-01-1899
1899,8B,2.7,8,01-01-1899
1899,8T,2.87,8,01-01-1899
1899,9,1.86,9,01-01-1899
1900,10,1.37,10,01/01/1900
1900,11,1.26,11,01/01/1900
1900,12,1.72,12,01/01/1900
1900,13,2,13,01/01/1900
1900,14,1.59,14,01/01/1900
1900,15B,1.35,15,01/01/1900
1900,15T,1.52,15,01/01/1900
1900,16B,2.32,16,01/01/1900
1900,16T,2.62,16,01/01/1900
1900,17,2.05,17,01/01/1900
1900,18,0.84,18,01/01/1900
1900,19,1.67,19,01/01/1900
1900,2a,2.04,2,01/01/1900
1900,2b,2.36,2,01/01/1900
1900,3,0.86,3,01/01/1900
1900,5B,0.89,5,01/01/1900
1900,5T,0.96,5,01/01/1900
1900,6B,1.28,6,01/01/1900
1900,6T,1.46,6,01/01/1900
1900,7B,1.91,7,01/01/1900
1900,7T,2.27,7,01/01/1900
1900,8B,3.02,8,01/01/1900
1900,8T,3.15,8,01/01/1900
1900,9,1.66,9,01/01/1900
1901,10B,1.35,10,01/01/1901
1901,10TM,1.23,10,01/01/1901
1901,10TT,1.58,10,01/01/1901
1901,11B,1.32,11,01/01/1901
1901,11TM,1.29,11,01/01/1901
1901,11TT,1.54,11,01/01/1901
1901,12B,1.65,12,01/01/1901
1901,12TM,1.72,12,01/01/1901
1901,12TT,2.14,12,01/01/1901
1901,13B,1.98,13,01/01/1901
1901,13TM,1.73,13,01/01/1901
1901,13TT,2.24,13,01/01/1901
1901,14B,1.5,14,01/01/1901
1901,14TM,1.21,14,01/01/1901
1901,14TT,1.69,14,01/01/1901
1901,15B,1.96,15,01/01/1901
1901,15T,2.29,15,01/01/1901
1901,16B,1.82,16,01/01/1901
1901,16T,2.38,16,01/01/1901
1901,17,1.28,17,01/01/1901
1901,18B,1.99,18,01/01/1901
1901,18TM,1.96,18,01/01/1901
1901,18TT,2.14,18,01/01/1901
1901,19,1.99,19,01/01/1901
1901,2a,2.69,2,01/01/1901
1901,2b,2.83,2,01/01/1901
1901,3,0.85,3,01/01/1901
1901,5B,0.98,5,01/01/1901
1901,5T,1.14,5,01/01/1901
1901,6B,1.52,6,01/01/1901
1901,6TM,1.6,6,01/01/1901
1901,6TT,1.71,6,01/01/1901
1901,7B,1.96,7,01/01/1901
1901,7TM,2.01,7,01/01/1901
1901,7TT,2.28,7,01/01/1901
1901,8B,2.91,8,01/01/1901
1901,8TM,2.62,8,01/01/1901
1901,8TT,3.09,8,01/01/1901
1901,9,1.8,9,01/01/1901
1902,10,1.64,10,01/01/1902
1902,11,1.56,11,01/01/1902
1902,12,2.25,12,01/01/1902
1902,13,2.59,13,01/01/1902
1902,14,2.2,14,01/01/1902
1902,15,2.68,15,01/01/1902
1902,16,2.22,16,01/01/1902
1902,17,2.47,17,01/01/1902
1902,18,1.4,18,01/01/1902
1902,19,2.34,19,01/01/1902
1902,2a,2.38,2,01/01/1902
1902,2b,2.76,2,01/01/1902
1902,3,0.9,3,01/01/1902
1902,5,1.07,5,01/01/1902
1902,6,1.75,6,01/01/1902
1902,7,2.53,7,01/01/1902
1902,8,2.94,8,01/01/1902
1902,9,2.25,9,01/01/1902
1903,10,0.91,10,01/01/1903
1903,11,1.05,11,01/01/1903
1903,12,1.18,12,01/01/1903
1903,13,1.86,13,01/01/1903
1903,14,1.16,14,01/01/1903
1903,15,1.43,15,01/01/1903
1903,16,1.86,16,01/01/1903
1903,17,0.41,17,01/01/1903
1903,18,1.77,18,01/01/1903
1903,19,1.26,19,01/01/1903
1903,2a,1.9,2,01/01/1903
1903,2b,2.07,2,01/01/1903
1903,3,0.54,3,01/01/1903
1903,5,0.58,5,01/01/1903
1903,6,1.23,6,01/01/1903
1903,7,1.83,7,01/01/1903
1903,8,2.37,8,01/01/1903
1903,9,1.57,9,01/01/1903
1904,10,0.74,10,01/01/1904
1904,11,0.89,11,01/01/1904
1904,12,1.13,12,01/01/1904
1904,13,1.52,13,01/01/1904
1904,14,1.22,14,01/01/1904
1904,15,1.69,15,01/01/1904
1904,16,1.76,16,01/01/1904
1904,17,1.52,17,01/01/1904
1904,18,0.25,18,01/01/1904
1904,19,1.31,19,01/01/1904
1904,2a,1.58,2,01/01/1904
1904,2b,1.63,2,01/01/1904
1904,3,0.32,3,01/01/1904
1904,5,0.51,5,01/01/1904
1904,6,0.84,6,01/01/1904
1904,7,1.43,7,01/01/1904
1904,8,1.8,8,01/01/1904
1904,9,1.3,9,01/01/1904
1905,10,1.33,10,01/01/1905
1905,11,1.69,11,01/01/1905
1905,12,2.41,12,01/01/1905
1905,13,3.05,13,01/01/1905
1905,14,2.11,14,01/01/1905
1905,15,2.89,15,01/01/1905
1905,16,2.76,16,01/01/1905
1905,17,1.94,17,01/01/1905
1905,18,2.4,18,01/01/1905
1905,19,1.8,19,01/01/1905
1905,2a,2.88,2,01/01/1905
1905,2b,3.02,2,01/01/1905
1905,3,1.4,3,01/01/1905
1905,5,1.84,5,01/01/1905
1905,6,2.47,6,01/01/1905
1905,7,3.15,7,01/01/1905
1905,8,3.19,8,01/01/1905
1905,9,2.8,9,01/01/1905
1906,10,1.78,10,01/01/1906
1906,11a,2.31,11,01/01/1906
1906,11b,1.32,11,01/01/1906
1906,12,2.43,12,01/01/1906
1906,13,3.18,13,01/01/1906
1906,14,2.47,14,01/01/1906
1906,15,3.31,15,01/01/1906
1906,16,3.3,16,01/01/1906
1906,17,3.27,17,01/01/1906
1906,18,2.18,18,01/01/1906
1906,19,2.82,19,01/01/1906
1906,2a,3.12,2,01/01/1906
1906,2b,3.27,2,01/01/1906
1906,3,1.14,3,01/01/1906
1906,5,1.3,5,01/01/1906
1906,6,2.14,6,01/01/1906
1906,7,2.92,7,01/01/1906
1906,8,3.66,8,01/01/1906
1906,9,2.58,9,01/01/1906
1907,10,2.04,10,01/01/1907
1907,11,2.5,11,01/01/1907
1907,12,3.06,12,01/01/1907
1907,13,2.55,13,01/01/1907
1907,14,2.74,14,01/01/1907
1907,15,2.48,15,01/01/1907
1907,16,2.66,16,01/01/1907
1907,17,0.81,17,01/01/1907
1907,18,2.26,18,01/01/1907
1907,19,2.15,19,01/01/1907
1907,2a,2.39,2,01/01/1907
1907,2b,2.75,2,01/01/1907
1907,3,0.69,3,01/01/1907
1907,5,0.88,5,01/01/1907
1907,6,1.74,6,01/01/1907
1907,7,2.54,7,01/01/1907
1907,8,2.67,8,01/01/1907
1907,9,2.19,9,01/01/1907
1908,10,1.66,10,01/01/1908
1908,11,1.67,11,01/01/1908
1908,12,2.49,12,01/01/1908
1908,13,2.64,13,01/01/1908
1908,14,1.99,14,01/01/1908
1908,15,2.37,15,01/01/1908
1908,16,2.85,16,01/01/1908
1908,17,2.44,17,01/01/1908
1908,18,1.08,18,01/01/1908
1908,19,2.07,19,01/01/1908
1908,2a,2.78,2,01/01/1908
1908,2b,2.97,2,01/01/1908
1908,3,0.91,3,01/01/1908
1908,5,1.21,5,01/01/1908
1908,6,1.65,6,01/01/1908
1908,7,2.49,7,01/01/1908
1908,8,3.47,8,01/01/1908
1908,9,2.38,9,01/01/1908
1909,10,0.87,10,01/01/1909
1909,11,0.63,11,01/01/1909
1909,12,1.54,12,01/01/1909
1909,13,2.2,13,01/01/1909
1909,14,1.34,14,01/01/1909
1909,15,2.12,15,01/01/1909
1909,16,2.24,16,01/01/1909
1909,17,0.72,17,01/01/1909
1909,18,2.29,18,01/01/1909
1909,19,1.62,19,01/01/1909
1909,2a,2.42,2,01/01/1909
1909,2b,2.78,2,01/01/1909
1909,3,0.68,3,01/01/1909
1909,5,0.78,5,01/01/1909
1909,6,1.3,6,01/01/1909
1909,7,2.08,7,01/01/1909
1909,8,2.59,8,01/01/1909
1909,9,1.82,9,01/01/1909
1910,10,1.17,10,01/01/1910
1910,11,1.7,11,01/01/1910
1910,12,2.08,12,01/01/1910
1910,13,1.93,13,01/01/1910
1910,14,1.9,14,01/01/1910
1910,15,1.59,15,01/01/1910
1910,16,1.95,16,01/01/1910
1910,17,1.95,17,01/01/1910
1910,18,0.74,18,01/01/1910
1910,19,1.47,19,01/01/1910
1910,2a,2.05,2,01/01/1910
1910,2b,2.19,2,01/01/1910
1910,3,0.57,3,01/01/1910
1910,5,0.77,5,01/01/1910
1910,6,1.32,6,01/01/1910
1910,7,1.96,7,01/01/1910
1910,8,2.16,8,01/01/1910
1910,9,1.8,9,01/01/1910
1911,10,1.76,10,01/01/1911
1911,11,1.49,11,01/01/1911
1911,12,1.98,12,01/01/1911
1911,13,2.27,13,01/01/1911
1911,14,1.8,14,01/01/1911
1911,15,1.86,15,01/01/1911
1911,16,3.16,16,01/01/1911
1911,17,1.05,17,01/01/1911
1911,18,2.11,18,01/01/1911
1911,19,2.2,19,01/01/1911
1911,2a,2.61,2,01/01/1911
1911,2b,2.84,2,01/01/1911
1911,3,0.94,3,01/01/1911
1911,5,1.12,5,01/01/1911
1911,6,1.32,6,01/01/1911
1911,7,1.98,7,01/01/1911
1911,8,2.83,8,01/01/1911
1911,9,2.32,9,01/01/1911
1912,10B,0.24,10,01/01/1912
1912,11B,0.23,11,01/01/1912
1912,12B,0.47,12,01/01/1912
1912,13B,0.52,13,01/01/1912
1912,14B,0.29,14,01/01/1912
1912,15B,0.42,15,01/01/1912
1912,16B,0.87,16,01/01/1912
1912,17B,0.51,17,01/01/1912
1912,18B,0.47,18,01/01/1912
1912,19B,0.58,19,01/01/1912
1912,2aB,1.17,2,01/01/1912
1912,2bB,1.39,2,01/01/1912
1912,3B,0.35,3,01/01/1912
1912,5B,0.44,5,01/01/1912
1912,6B,0.21,6,01/01/1912
1912,7B,0.57,7,01/01/1912
1912,8B,0.81,8,01/01/1912
1912,9B,0.76,9,01/01/1912
1913,10B,0.91,10,01/01/1913
1913,10T,0.8,10,01/01/1913
1913,11B,1.12,11,01/01/1913
1913,11T,0.78,11,01/01/1913
1913,12B,1.52,12,01/01/1913
1913,12T,1.3,12,01/01/1913
1913,13B,1.71,13,01/01/1913
1913,13T,1.16,13,01/01/1913
1913,14B,1.58,14,01/01/1913
1913,14T,0.95,14,01/01/1913
1913,15B,1.75,15,01/01/1913
1913,15T,1.32,15,01/01/1913
1913,16B,1.91,16,01/01/1913
1913,16T,1.5,16,01/01/1913
1913,17B,0.77,17,01/01/1913
1913,17T,0.33,17,01/01/1913
1913,18B,1.72,18,01/01/1913
1913,18T,1.29,18,01/01/1913
1913,19B,1.59,19,01/01/1913
1913,19T,1.36,19,01/01/1913
1913,2aB,2.13,2,01/01/1913
1913,2aT,1.17,2,01/01/1913
1913,2bB,2.12,2,01/01/1913
1913,2bT,1.28,2,01/01/1913
1913,3B,0.44,3,01/01/1913
1913,3T,0.34,3,01/01/1913
1913,5B,0.71,5,01/01/1913
1913,5T,0.33,5,01/01/1913
1913,6B,1.07,6,01/01/1913
1913,6T,0.64,6,01/01/1913
1913,7B,1.6,7,01/01/1913
1913,7T,0.94,7,01/01/1913
1913,8B,2.25,8,01/01/1913
1913,8T,1.74,8,01/01/1913
1913,9B,1.7,9,01/01/1913
1913,9T,0.71,9,01/01/1913
1914,10B,0.98,10,01/01/1914
1914,11B,1.23,11,01/01/1914
1914,12B,1.79,12,01/01/1914
1914,13B,1.49,13,01/01/1914
1914,14B,1.2,14,01/01/1914
1914,15B,1.53,15,01/01/1914
1914,16B,1.53,16,01/01/1914
1914,17B,1.25,17,01/01/1914
1914,18B,0.42,18,01/01/1914
1914,19B,0.77,19,01/01/1914
1914,2aB,2.27,2,01/01/1914
1914,2bB,2.26,2,01/01/1914
1914,3B,0.45,3,01/01/1914
1914,5B,0.74,5,01/01/1914
1914,6B,1.31,6,01/01/1914
1914,7B,1.85,7,01/01/1914
1914,8B,2.2,8,01/01/1914
1914,9B,1.43,9,01/01/1914
1915,10T,1.63,10,01/01/1915
1915,11T,2.34,11,01/01/1915
1915,12T,2.7,12,01/01/1915
1915,13T,2.6,13,01/01/1915
1915,14T,2.46,14,01/01/1915
1915,15T,1.31,15,01/01/1915
1915,16T,2.61,16,01/01/1915
1915,17T,1.27,17,01/01/1915
1915,18T,1.9,18,01/01/1915
1915,19T,2.04,19,01/01/1915
1915,2aT,2.31,2,01/01/1915
1915,2bT,2.78,2,01/01/1915
1915,3T,0.99,3,01/01/1915
1915,5T,1.27,5,01/01/1915
1915,6T,2.11,6,01/01/1915
1915,7T,2.68,7,01/01/1915
1915,8T,2.98,8,01/01/1915
1915,9T,2.47,9,01/01/1915
1916,10B,1.35,10,01/01/1916
1916,10T,1.3,10,01/01/1916
1916,11B,1.02,11,01/01/1916
1916,11T,1.15,11,01/01/1916
1916,12B,1.64,12,01/01/1916
1916,12T,1.24,12,01/01/1916
1916,13B,1.83,13,01/01/1916
1916,13T,1.39,13,01/01/1916
1916,14B,1.56,14,01/01/1916
1916,14T,1.09,14,01/01/1916
1916,15B,1.65,15,01/01/1916
1916,15T,0.99,15,01/01/1916
1916,16B,1.89,16,01/01/1916
1916,16T,1.24,16,01/01/1916
1916,17B,1.6,17,01/01/1916
1916,17T,1.38,17,01/01/1916
1916,18B,1.41,18,01/01/1916
1916,18T,0.41,18,01/01/1916
1916,19B,1.5,19,01/01/1916
1916,19T,1.14,19,01/01/1916
1916,2aB,2.38,2,01/01/1916
1916,2aT,1.37,2,01/01/1916
1916,2bB,2.52,2,01/01/1916
1916,2bT,1.49,2,01/01/1916
1916,3B,1.22,3,01/01/1916
1916,3T,0.47,3,01/01/1916
1916,5B,1.62,5,01/01/1916
1916,5T,0.85,5,01/01/1916
1916,6B,1.88,6,01/01/1916
1916,6T,0.88,6,01/01/1916
1916,7B,2.24,7,01/01/1916
1916,7T,1.47,7,01/01/1916
1916,8B,2.27,8,01/01/1916
1916,8T,1.24,8,01/01/1916
1916,9B,2.08,9,01/01/1916
1916,9T,1.22,9,01/01/1916
1917,10B,1.02,10,01/01/1917
1917,10T,0.84,10,01/01/1917
1917,11B,1.16,11,01/01/1917
1917,11T,1.04,11,01/01/1917
1917,12B,1.43,12,01/01/1917
1917,12T,1.27,12,01/01/1917
1917,13B,2.21,13,01/01/1917
1917,13T,1.73,13,01/01/1917
1917,14B,1.6,14,01/01/1917
1917,14T,1.22,14,01/01/1917
1917,15B,2,15,01/01/1917
1917,15T,1.9,15,01/01/1917
1917,16B,1.93,16,01/01/1917
1917,16T,2.07,16,01/01/1917
1917,17B,0.85,17,01/01/1917
1917,17T,0.74,17,01/01/1917
1917,18B,1.73,18,01/01/1917
1917,18T,1.52,18,01/01/1917
1917,19B,0.81,19,01/01/1917
1917,19T,0.95,19,01/01/1917
1917,2aB,1.09,2,01/01/1917
1917,2aT,0.87,2,01/01/1917
1917,2bB,1.31,2,01/01/1917
1917,2bT,1.15,2,01/01/1917
1917,3B,0.62,3,01/01/1917
1917,3T,0.62,3,01/01/1917
1917,5B,0.74,5,01/01/1917
1917,5T,0.64,5,01/01/1917
1917,6B,1.34,6,01/01/1917
1917,6T,1.49,6,01/01/1917
1917,7B,1.76,7,01/01/1917
1917,7T,1.86,7,01/01/1917
1917,8B,2.22,8,01/01/1917
1917,8T,2.04,8,01/01/1917
1917,9B,1.5,9,01/01/1917
1917,9T,1.63,9,01/01/1917
1918,10B,1.4,10,01/01/1918
1918,10T,1.26,10,01/01/1918
1918,11B,1.53,11,01/01/1918
1918,11T,1.67,11,01/01/1918
1918,12B,2.11,12,01/01/1918
1918,12T,1.94,12,01/01/1918
1918,13B,1.97,13,01/01/1918
1918,13T,1.83,13,01/01/1918
1918,14B,2.16,14,01/01/1918
1918,14T,1.92,14,01/01/1918
1918,15B,1.93,15,01/01/1918
1918,15T,2.22,15,01/01/1918
1918,16B,2.27,16,01/01/1918
1918,16T,2.6,16,01/01/1918
1918,17B,1.91,17,01/01/1918
1918,17T,1.48,17,01/01/1918
1918,18B,1.39,18,01/01/1918
1918,18T,1.04,18,01/01/1918
1918,19B,1.31,19,01/01/1918
1918,19T,1.39,19,01/01/1918
1918,2aB,2.75,2,01/01/1918
1918,2aT,2.38,2,01/01/1918
1918,2bB,3.04,2,01/01/1918
1918,2bT,2.71,2,01/01/1918
1918,3B,0.79,3,01/01/1918
1918,3T,0.92,3,01/01/1918
1918,5B,0.75,5,01/01/1918
1918,5T,0.75,5,01/01/1918
1918,6B,1.13,6,01/01/1918
1918,6T,1.47,6,01/01/1918
1918,7B,2.02,7,01/01/1918
1918,7T,2.15,7,01/01/1918
1918,8B,2.34,8,01/01/1918
1918,8T,2.44,8,01/01/1918
1918,9B,1.88,9,01/01/1918
1918,9T,1.92,9,01/01/1918
1919,10B,1.2,10,01/01/1919
1919,10T,1.26,10,01/01/1919
1919,11B,1.16,11,01/01/1919
1919,11T,1.05,11,01/01/1919
1919,12B,1.54,12,01/01/1919
1919,12T,1.4,12,01/01/1919
1919,13B,2.04,13,01/01/1919
1919,13T,2.18,13,01/01/1919
1919,14B,2.06,14,01/01/1919
1919,14T,1.48,14,01/01/1919
1919,15B,1.49,15,01/01/1919
1919,15T,1.66,15,01/01/1919
1919,16B,2.47,16,01/01/1919
1919,16T,2.5,16,01/01/1919
1919,17B,1.02,17,01/01/1919
1919,17T,0.89,17,01/01/1919
1919,18B,2.22,18,01/01/1919
1919,18T,2.18,18,01/01/1919
1919,19B,0.91,19,01/01/1919
1919,19T,1,19,01/01/1919
1919,2aB,1.77,2,01/01/1919
1919,2aT,1.56,2,01/01/1919
1919,2bB,2.31,2,01/01/1919
1919,2bT,1.93,2,01/01/1919
1919,3B,0.74,3,01/01/1919
1919,3T,0.71,3,01/01/1919
1919,5B,0.74,5,01/01/1919
1919,5T,0.73,5,01/01/1919
1919,6B,1.35,6,01/01/1919
1919,6T,1.41,6,01/01/1919
1919,7B,2.44,7,01/01/1919
1919,7T,2.04,7,01/01/1919
1919,8B,2.84,8,01/01/1919
1919,8T,2.36,8,01/01/1919
1919,9B,1.77,9,01/01/1919
1919,9T,1.55,9,01/01/1919
1920,10B,1.04,10,01/01/1920
1920,10T,1.18,10,01/01/1920
1920,11B,0.92,11,01/01/1920
1920,11T,1.11,11,01/01/1920
1920,12B,1.46,12,01/01/1920
1920,12T,1.49,12,01/01/1920
1920,13B,2.21,13,01/01/1920
1920,13T,1.83,13,01/01/1920
1920,14B,1.44,14,01/01/1920
1920,14T,1.28,14,01/01/1920
1920,15B,1.24,15,01/01/1920
1920,15T,1.33,15,01/01/1920
1920,16B,1.9,16,01/01/1920
1920,16T,1.91,16,01/01/1920
1920,17B,1.47,17,01/01/1920
1920,17T,1.41,17,01/01/1920
1920,18B,0.51,18,01/01/1920
1920,18T,0.47,18,01/01/1920
1920,19B,0.99,19,01/01/1920
1920,19T,0.88,19,01/01/1920
1920,2aB,2.4,2,01/01/1920
1920,2aT,2.08,2,01/01/1920
1920,2bB,2.56,2,01/01/1920
1920,2bT,2.23,2,01/01/1920
1920,3B,0.61,3,01/01/1920
1920,3T,0.71,3,01/01/1920
1920,5B,0.63,5,01/01/1920
1920,5T,0.63,5,01/01/1920
1920,6B,1.1,6,01/01/1920
1920,6T,1.13,6,01/01/1920
1920,7B,2.28,7,01/01/1920
1920,7T,1.63,7,01/01/1920
1920,8B,2.24,8,01/01/1920
1920,8T,2.16,8,01/01/1920
1920,9B,1.96,9,01/01/1920
1920,9T,1.73,9,01/01/1920
1921,10B,1.07,10,01/01/1921
1921,10T,1.39,10,01/01/1921
1921,11B,0.68,11,01/01/1921
1921,11T,0.93,11,01/01/1921
1921,12B,1,12,01/01/1921
1921,12T,1.43,12,01/01/1921
1921,13B,1.02,13,01/01/1921
1921,13T,1.69,13,01/01/1921
1921,14B,1.07,14,01/01/1921
1921,14T,1.61,14,01/01/1921
1921,15B,1.24,15,01/01/1921
1921,15T,1.95,15,01/01/1921
1921,16B,1.53,16,01/01/1921
1921,16T,2.05,16,01/01/1921
1921,17B,0.86,17,01/01/1921
1921,17T,0.7,17,01/01/1921
1921,18B,1.71,18,01/01/1921
1921,18T,1.93,18,01/01/1921
1921,19B,1.35,19,01/01/1921
1921,19T,1.44,19,01/01/1921
1921,2aB,2.16,2,01/01/1921
1921,2aT,2.06,2,01/01/1921
1921,2bB,2.21,2,01/01/1921
1921,2bT,2.24,2,01/01/1921
1921,3B,0.67,3,01/01/1921
1921,3T,0.86,3,01/01/1921
1921,5B,0.65,5,01/01/1921
1921,5T,0.65,5,01/01/1921
1921,6B,1.04,6,01/01/1921
1921,6T,1.25,6,01/01/1921
1921,7B,1.46,7,01/01/1921
1921,7T,1.69,7,01/01/1921
1921,8B,1.8,8,01/01/1921
1921,8T,1.6,8,01/01/1921
1921,9B,1.15,9,01/01/1921
1921,9T,1.31,9,01/01/1921
1922,10B,0.62,10,01/01/1922
1922,10T,0.95,10,01/01/1922
1922,11B,0.3,11,01/01/1922
1922,11T,0.63,11,01/01/1922
1922,12B,0.56,12,01/01/1922
1922,12T,0.91,12,01/01/1922
1922,13B,1.33,13,01/01/1922
1922,13T,1.92,13,01/01/1922
1922,14B,0.9,14,01/01/1922
1922,14T,0.66,14,01/01/1922
1922,15B,0.88,15,01/01/1922
1922,15T,1.28,15,01/01/1922
1922,16B,1.72,16,01/01/1922
1922,16T,2.29,16,01/01/1922
1922,17B,1.46,17,01/01/1922
1922,17T,1.69,17,01/01/1922
1922,18B,0.92,18,01/01/1922
1922,18T,1,18,01/01/1922
1922,19B,1,19,01/01/1922
1922,19T,1.38,19,01/01/1922
1922,2aB,2.53,2,01/01/1922
1922,2aT,2.52,2,01/01/1922
1922,2bB,2.71,2,01/01/1922
1922,2bT,2.76,2,01/01/1922
1922,3B,0.54,3,01/01/1922
1922,3T,0.72,3,01/01/1922
1922,5B,0.69,5,01/01/1922
1922,5T,0.82,5,01/01/1922
1922,6B,0.95,6,01/01/1922
1922,6T,1.33,6,01/01/1922
1922,7B,1.42,7,01/01/1922
1922,7T,2.25,7,01/01/1922
1922,8B,1.49,8,01/01/1922
1922,8T,2.22,8,01/01/1922
1922,9B,1.07,9,01/01/1922
1922,9T,1.84,9,01/01/1922
1923,10B,0.75,10,01/01/1923
1923,10T,0.62,10,01/01/1923
1923,11B,0.85,11,01/01/1923
1923,11T,0.57,11,01/01/1923
1923,12B,1.07,12,01/01/1923
1923,12T,0.67,12,01/01/1923
1923,13B,1.1,13,01/01/1923
1923,13T,0.99,13,01/01/1923
1923,14B,1.14,14,01/01/1923
1923,14T,0.89,14,01/01/1923
1923,15B,1.14,15,01/01/1923
1923,15T,1.38,15,01/01/1923
1923,16B,1.11,16,01/01/1923
1923,16T,1.39,16,01/01/1923
1923,17B,0.43,17,01/01/1923
1923,17T,0.24,17,01/01/1923
1923,18B,1.05,18,01/01/1923
1923,18T,1.06,18,01/01/1923
1923,19B,1.13,19,01/01/1923
1923,19T,1.23,19,01/01/1923
1923,2aB,1.67,2,01/01/1923
1923,2aT,1.03,2,01/01/1923
1923,2bB,1.89,2,01/01/1923
1923,2bT,1.13,2,01/01/1923
1923,3B,0.33,3,01/01/1923
1923,3T,0.3,3,01/01/1923
1923,5B,0.38,5,01/01/1923
1923,5T,0.24,5,01/01/1923
1923,6B,0.63,6,01/01/1923
1923,6T,0.5,6,01/01/1923
1923,7B,1.46,7,01/01/1923
1923,7T,0.84,7,01/01/1923
1923,8B,1.7,8,01/01/1923
1923,8T,1.03,8,01/01/1923
1923,9B,0.82,9,01/01/1923
1923,9T,0.67,9,01/01/1923
1924,10B,0.45,10,01/01/1924
1924,10T,0.41,10,01/01/1924
1924,11B,0.42,11,01/01/1924
1924,11T,0.48,11,01/01/1924
1924,12B,0.75,12,01/01/1924
1924,12T,0.75,12,01/01/1924
1924,13B,0.83,13,01/01/1924
1924,13T,1.14,13,01/01/1924
1924,14B,0.71,14,01/01/1924
1924,14T,0.83,14,01/01/1924
1924,15B,0.37,15,01/01/1924
1924,15T,0.63,15,01/01/1924
1924,16B,1.46,16,01/01/1924
1924,16T,1.65,16,01/01/1924
1924,17B,0.54,17,01/01/1924
1924,17T,0.59,17,01/01/1924
1924,18B,0.6,18,01/01/1924
1924,18T,0.57,18,01/01/1924
1924,19B,0.4,19,01/01/1924
1924,19T,0.51,19,01/01/1924
1924,2aB,1.3,2,01/01/1924
1924,2aT,0.86,2,01/01/1924
1924,2bB,1.14,2,01/01/1924
1924,2bT,0.87,2,01/01/1924
1924,3B,0.17,3,01/01/1924
1924,3T,0.17,3,01/01/1924
1924,5B,0.28,5,01/01/1924
1924,5T,0.32,5,01/01/1924
1924,6B,0.67,6,01/01/1924
1924,6T,0.74,6,01/01/1924
1924,7B,1.8,7,01/01/1924
1924,7T,1.49,7,01/01/1924
1924,8B,1.76,8,01/01/1924
1924,8T,1.77,8,01/01/1924
1924,9B,0.92,9,01/01/1924
1924,9T,0.98,9,01/01/1924
1925,10B,0.84,10,01/01/1925
1925,10T,1.08,10,01/01/1925
1925,11B,1.25,11,01/01/1925
1925,11T,1.5,11,01/01/1925
1925,12B,1.39,12,01/01/1925
1925,12T,1.46,12,01/01/1925
1925,13B,1.54,13,01/01/1925
1925,13T,1.71,13,01/01/1925
1925,14B,1.52,14,01/01/1925
1925,14T,1.41,14,01/01/1925
1925,15B,1.16,15,01/01/1925
1925,15T,1.45,15,01/01/1925
1925,16B,1.6,16,01/01/1925
1925,16T,1.53,16,01/01/1925
1925,17B,0.78,17,01/01/1925
1925,17T,0.72,17,01/01/1925
1925,18B,1.13,18,01/01/1925
1925,18T,1.2,18,01/01/1925
1925,19B,0.49,19,01/01/1925
1925,19T,0.9,19,01/01/1925
1925,2aB,1.07,2,01/01/1925
1925,2aT,0.78,2,01/01/1925
1925,2bB,1.51,2,01/01/1925
1925,2bT,1.17,2,01/01/1925
1925,3B,0.41,3,01/01/1925
1925,3T,0.5,3,01/01/1925
1925,5B,0.51,5,01/01/1925
1925,5T,0.53,5,01/01/1925
1925,6B,0.75,6,01/01/1925
1925,6T,0.76,6,01/01/1925
1925,7B,1.43,7,01/01/1925
1925,7T,1.34,7,01/01/1925
1925,8B,1.54,8,01/01/1925
1925,8T,1.43,8,01/01/1925
1925,9B,1.08,9,01/01/1925
1925,9T,1.11,9,01/01/1925
